Unnamed: 0,Unnamed: 1,Unnamed: 2,Unnamed: 3,Unnamed: 4,Unnamed: 5,Unnamed: 6,Unnamed: 7,Unnamed: 8,Unnamed: 9
,MOTA Con DESCRIPTIONS,STRAIN #1,STRAIN #2,STRAIN #3,GPT ,GPT SHORT,,,
,,,,,,,,,
1.0,Key Lime Jack Sauce,,,,,,,,
,Key Lime Jack,Bling Cheesecake,Jack Herer,,Key Lime Jack,Key Lime Jack ,,,
,"Key Lime Jack is a Sativa weed strain made from a genetic cross between Bling Cheesecake and Jack Herer. This strain is 50% sativa and 50% indica. Key Lime Jack is 30% THC, making this strain an ideal choice for experienced cannabis consumers. Bred by Maven Genetics, the average price of Key Lime Jack typically ranges from $10-$15 per gram. We are still learning about Key Lime Jack’s effects, flavors, and medical uses. If you've smoked, dabbed, or consumed Key Lime Jack, please tell us about your experience by leaving a strain review.","Bling Cheesecake is a hybrid weed strain made from a genetic cross between The Bling and Mac And Cheese. This strain is 50% sativa and 50% indica. Bling Cheesecake is 23% THC, making this strain an ideal choice for experienced cannabis consumers. Bred by Garden Remedies, the average price of Bling Cheesecake typically ranges from $10-$15 per gram. We are still learning about Bling Cheesecake’s effects, flavors, and medical uses. If you've smoked, dabbed, or consumed Bling Cheesecake, please tell us about your experience by leaving a strain review.

","Jack Herer, also known as ""JH,"" ""The Jack,"" ""Premium Jack,"" and ""Platinum Jack"" is a sativa-dominant marijuana strain that has gained as much renown as its namesake, the marijuana activist and author of The Emperor Wears No Clothes. Combining a Haze hybrid with a Northern Lights #5 and Shiva Skunk cross, Sensi Seeds created Jack Herer hoping to capture both cerebral elevation and heavy resin production. Its rich genetic background gives rise to several different variations of Jack Herer, each phenotype bearing its own unique features and effects. Leafly reviewers tell us that Jack Herer’s effects include feeling energetic, creative, and uplifted. However, consumers typically describe this 55% sativa hybrid as blissful, clear-headed, and creative. Jack Herer was created in the Netherlands in the mid-1990s, where it was later distributed by Dutch pharmacies as a recognized medical-grade strain. Since then, this spicy, pine-scented strain has taken home numerous awards for its quality and potency.",,"Keylime Jack is the vibrant offspring of Bling Cheesecake and Jack Herer, combining the best traits of its parents into a unique Sativa experience. With the balanced genetics of Bling Cheesecake and the sativa-dominance of Jack Herer, Keylime Jack delivers a dynamic blend of effects. Expect a clear-headed, creative boost reminiscent of Jack Herer, paired with the potential for deep relaxation and subtle savory notes from Bling Cheesecake. The flavor profile is likely to feature a bright, sweet kick with citrus undertones, making it a refreshing and invigorating choice. Keylime Jack offers a multifaceted experience that caters to a range of needs.","Keylime Jack is a sativa hybrid strain born from Bling Cheesecake and Jack Herer, offering a balanced blend of effects. It provides a clear-headed, creative boost with potential for relaxation, making it versatile for both day and evening use. The flavor profile is bright and citrusy, with earthy undertones. This strain is perfect for those seeking inspiration or a satisfying way to unwind.",,,
,EFFECTS,EFFECTS,EFFECTS,,EFFECTS,Shorter,,,
,"Tingly
.Giggly
.Euphoric","Euphoric
.Uplifted
.Relaxed","Uplifted
.Giggly
.Talkative",,"Tingly
.Giggly
.Euphoric","Keylime Jack is a flavorful sativa-dominant hybrid born from Bling Cheesecake and Jack Herer. It offers a bright citrus aroma with earthy notes and delivers a clear-headed, creative high that slowly eases into relaxation—perfect for focus, mood boosts, or light unwinding.",,,
,,,,,,,,,
,,,,,,,,,
2.0,Sour Diesel Sugar,,,,,,,,
,Sour Diesel,Chem Dawg,Super Skunk,,Sour Diesel,Sour Diesel,,,
,"Sour Diesel, also known as ""Sour D"" and ""Sour Deez,"" is a popular Sativa marijuana strain made by crossing Chemdawg and Super Skunk. Sour Diesel effects are dreamy, cerebral, fast-acting and energizing. This strain features a pungent flavor profile that smells like diesel. Medical marijuana patients choose Sour Diesel to help relieve symptoms associated with depression, pain, and stress. Fun fact: Sour Diesel first became popular in the early 1990s and has been legendary ever since.

","Chemdawg, officially named ""Chemdog,"" is a hybrid marijuana strain grown and spread by the breeder Chemdog since 1991. In a Leafly interview, Chemdog relates how Chemdog came from what was thought to be Northern California bag seed, via a Colorado Grateful Dead concert. Chem 91, Chem 4, and Chem Sis are all variations on Chemdog. The original name Chemdog came from two names for the same bud ""Chem"" and ""Dog bud."" Chemdog evolved into the variation 'Chemdawg' over time and distance as other growers and breeders propagated it, with the latter name becoming more dominant. Leafly customers tell us Chemdawg effects include feeling euphoric, uplifted, and creative. Medical marijuana patients often choose Chemdawg when dealing with symptoms associated with stress, anxiety, and pain. Chemdog is a staple strain in cannabis and may be a source of powerhouse strains like Sour Diesel and OG Kush, Chemdog is known for its distinct, diesel-like aroma. Pungent and sharp, you’ll be able to smell this strain from a mile away. Cannabis newbies be warned: Chemdog tends to be very potent. Consumers can expect to have a cerebral experience, coupled with a strong heavy-bodied feeling. 

","Super Sunk is an indica marijuana strain made by crossing Skunk #1 with Afghani. This strain produces bold, relaxing effects that you can feel through your entire body. Medical marijuana patients choose Super Skunk to help relieve symptoms associated with chronic stress and pain. Super Skunk is ideal for anyone who enjoys an extra skunky aroma.

",,"Sour Diesel Sugar is the powerful offspring of Chem Dawg and Super Skunk, combining the potency and bold characteristics of its parent strains. This Sativa inherits the euphoric, creative highs of Chem Dawg. Expect a pungent, diesel-like aroma with an extra skunky kick, making it a standout choice for those who appreciate intense flavors and effects. Sour Diesel Sugar is perfect for users seeking a cerebral uplift, ideal for relieving stress, fatigue, and depression.





","Sour Diesel Sugar is a potent hybrid strain, blending the euphoric, creative effects of Chem Dawg with the deep relaxation of Super Skunk. It features a strong diesel aroma with an extra skunky twist, appealing to those who enjoy bold flavors. This strain offers a balanced experience of cerebral uplift and physical calm. It's an excellent choice for relieving stress, pain, and anxiety.





",,,
,EFFECTS,EFFECTS,EFFECTS,,EFFECTS,,,,
,"Tingly
.Giggly
.Euphoric","Euphoric
.Uplifted
.Relaxed","Uplifted
.Giggly
.Talkative",,"Tingly
.Giggly
.Euphoric",,,,
,,,,,,,,,
,,,,,,,,,
3.0,Green Crack Sugar,,,,,,,,
,Green Crack,Skunk #1,Afghani ,,Green Crack,Green Crack,,,
,"Green Crack, also known as ""Green Crush"" and ""Mango Crack,"" is a potent sativa marijuana strain made by crossing Skunk #1 with an unknown indica. This strain is beloved by many consumers for its energizing effects. But don’t let the name fool you: this is pure cannabis. Few strains compare to Green Crack’s sharp energy and focus as it induces an invigorating mental buzz that keeps you going throughout the day. With a tangy, fruity flavor redolent of mango, Green Crack is a great daytime strain that may help consumers fight fatigue, stress, and depression. Because the name ""Green Crack"" perpetuates a negative image of cannabis, some people have taken to calling this strain Cush (with a ‘C’) or Green Cush instead.

","Skunk #1 is a hybrid marijuana strain that has influenced cannabis on a global scale, parenting a horde of Skunk crosses since it first bloomed in the late 1970s. Sacred Seed Co. originally bred Skunk #1 using diverse genetics from around the world; Afghani, Acapulco Gold, and Colombian Gold varieties converged through an intricate selective breeding process that spanned several generations, and finally the genetic cornerstone of countless cannabis hybrids was born. 

The original Skunk #1 gave rise to several variations that were later harvested in the gardens of Sensi Seeds, Dutch Passion, Flying Dutchmen, Nirvana Seeds, and Royal Queen Seeds. As its name suggests, Skunk #1 buds radiate with an aromatic blend of sour skunkiness and subtle earthy notes. This hybrid offers elevated creativity through its high-energy buzz, while stress and appetite loss melt away with Skunk #1’s potency.","Afghani, also known as ""Afghan"" and ""Afghanistan,"" is a potent indica marijuana strain. This strain delivers a deep state of relaxation and euphoria. The flavors Afghani produces are sweet and earthy. Medical marijuana patients most commonly turn to this strain to treat insomnia, pain, and stress disorders. Afghani is named after its geographic origin, where the earliest varieties of cannabis are believed to have grown. Breeders worldwide have come to treasure this strain for its heavy resin production which is passed on genetically. ",,"Green Crack Sugar is the dynamic offspring of Skunk #1 and Afghani, combining the best of both parent strains. This hybrid delivers an energetic, creative high from Skunk #1, complemented by the deep relaxation and euphoria of Afghani. Expect a rich flavor profile with sweet, earthy notes layered over a bold skunkiness. Green Crack Sugar is perfect for those seeking a balanced experience that uplifts the mind while soothing the body, making it ideal for managing stress, pain, and insomnia.

","Green Crack Sugar is a hybrid strain that blends the energetic, creative buzz of Skunk #1 with the deep relaxation and euphoria of Afghani. Its flavor profile is rich, featuring sweet, earthy notes with a strong skunky aroma. This strain offers a balanced experience, providing both mental uplift and physical calm. It's an excellent choice for alleviating stress, pain, and insomnia.





",,,
,EFFECTS,EFFECTS,EFFECTS,,EFFECTS,,,,
,"Tingly
.Giggly
.Euphoric","Euphoric
.Uplifted
.Relaxed","Uplifted
.Giggly
.Talkative",,"Tingly
.Giggly
.Euphoric",,,,
,,,,,,,,,
,,,,,,,,,
4.0,Gumbo (Cookies x OG) Sugar,,,,,,,,
,Gumbo ,Cookies,OG,,Gumbo ,Gumbo ,,,
,"Gumbo is a hybrid weed strain made by crossing two unknown strains. Gumbo is named for its signature bubblegum flavor. This strain produces relaxing and sleepy indica effects. Gumbo features a piney aroma with a smooth finish. Medical marijuana patients who suffer from aches and pains tell us they often choose Gumbo. This strain has a reputation for increasing appetite, so make sure you keep some snacks handy while you partake. According to growers, Gumbo flowers into colorful nugs with hues of purple, blue, and dark green with above average trichome coverage. The original breeder of Gumbo is unknown.

","GSC, also known as ""Girl Scout Cookies,"" is an indica-dominant hybrid marijuana strain from the California breeder Jigga who crossed a sub-type of OG Kush with an intermediate strain called F1 Durban. This popular strain is known for producing euphoric effects, followed up by waves of full-body relaxation. One hit of GSC will leave you feeling happy, hungry, and stress-free. This strain features a robust THC level of 19% and is best reserved for experienced cannabis consumers. Those with a low THC tolerance should take it slow with GSC as the effects of the strain may be overwhelming. The high THC content in GSC is beloved by medical marijuana patients looking for quick relief from symptoms associated with chronic pain, nausea, and appetite loss. GSC is famous for its pungent, dessert-like aroma & flavor profile featuring bold notes of mint, sweet cherry, and lemon. The average price per gram of GSC is $11. This strain has won numerous accolades and awards over the years, including a few Cannabis Cups. Because GSC has reached legendary status among the cannabis community at large, you can find many variations of this sought-after strain, including Thin Mint (aka Thin Mint Girl Scout Cookies) and Platinum GSC (aka Platinum Girl Scout Cookies).

","OG Kush, also known as ""Premium OG Kush,"" was first cultivated in Florida in the early ‘90s when a marijuana strain from Northern California was supposedly crossed with Chemdawg, Lemon Thai and a Hindu Kush plant from Amsterdam. The result was a hybrid with a unique terpene profile that boasts a complex aroma with notes of fuel, skunk, and spice. OG often refers to “Original Gangster,” or ""Ocean Grown"" indicating either the strain’s authenticity or intensity. Many people have different names for the acronym, but real OG Kush should smell like lemon-pine-fuel with a high-THC, mixed head and body effect. It's often enjoyed in the back half of the day to ease stress.

",,"**Gumbo (Cookies x OG) Sugar** is the potent offspring of the legendary Cookies and OG strains, delivering a powerful hybrid experience. This strain inherits the euphoric, full-body relaxation from Cookies, coupled with the complex, fuel-like aroma and balanced effects of OG. Expect a rich flavor profile with notes of mint, sweet cherry, lemon, and hints of pine and spice. Ideal for experienced consumers, Gumbo (Cookies x OG) Sugar offers a strong, relaxing high perfect for unwinding and relieving symptoms of stress, pain, and appetite loss.","Gumbo (Cookies x OG) Sugar is a potent hybrid strain born from the legendary Cookies and OG strains. It combines the euphoric, full-body relaxation of Cookies with the complex, fuel-like aroma and balanced effects of OG. The flavor profile features mint, sweet cherry, lemon, with hints of pine and spice. This strain is ideal for experienced users seeking a strong, relaxing high to alleviate stress, pain, and appetite loss.",,,
,EFFECTS,EFFECTS,EFFECTS,,EFFECTS,,,,
,"Tingly
.Giggly
.Euphoric","Euphoric
.Uplifted
.Relaxed","Uplifted
.Giggly
.Talkative",,"Tingly
.Giggly
.Euphoric",,,,
,,,,,,,,,
,,,,,,,,,
5.0,Gelato 41 Sauce,,,,,,,,
,Gelato 41,Sunset Sherbert,Thin Mint Cookies,,Gelato 41,Gelato 41,,,
,"Gelato #41 is a hybrid strain that is high in THC and offers a heavy, relaxing body high without clouding the mind. Gelato 41 is made by crossing Sunset Sherbert and Thin Mint Cookies. This strain has buds that grow in an array of colors, from light green to purple, with trichomes that put out a sweet and earthy aroma alongside hints of lavender and pine. New consumers should know that Gelato 41 is potent and the high is best reserved for those looking for a new heavy hitter. This strain comes from the Cookies Family in California. 

","Sherbert, also known as ""Sherbet"", ""Sherbert OG"", ""Sunset Sherbet"", and ""Sunset Sherbert"" is an indica-dominant hybrid marijuana strain made by crossing Girl Scout Cookies with Pink Panties. This strain exhibits powerful, full-body effects that are elevated by a jolt of cerebral energy and carefree state of mind. Sherbet boasts a THC level of 18% and may be overwhelming to novice cannabis consumers. The high potency of Sherbert makes it an ideal choice for medical marijuana patients seeking relief from symptoms associated with stress, tension, and mood disorders. This strain features a sweet, dessert-like flavor profile with notes of skunky citrus, sweet berry, and candy. The average price per gram of Sherbert is $20, but may vary based on your location. According to growers, Sherbert flowers into oblong fluffy nugs with rich trichome coverage and dark amber hairs throughout light and dark green foliage. This strain was originally bred by Mr. Sherbinski, who bred Sherbert intentionally to inherit the genetic lineage of its parent strain Girl Scout Cookies.

","Thin Mint is a hybrid marijuana strain that was one of the main sub-types of the legendary GSC strain. Dark green and royal purple hues peek through a heavy coat of crystals, with a sweet minty smell that gives a full explanation of this strain’s name. Thin Mint calls upon the powers of its indica, sativa, and hybrid ancestors for a powerful full-body effect that gives this strain its sterling reputation. The high psychoactivity of this strain is not for novice consumers, but patients with a variety of symptoms are giving Thin Mint their seal of approval: severe pain, nausea, swelling, insomnia, and appetite loss are no match for the potency of Thin Mint.

",,"**Gelato 41 Sauce** is the flavorful and potent result of crossing Sunset Sherbert and Thin Mint Cookies, two iconic strains. This hybrid offers a balanced experience, combining the full-body relaxation and cerebral uplift of Sunset Sherbert with the powerful, minty-sweet effects of Thin Mint Cookies. Expect a rich, dessert-like flavor profile with notes of skunky citrus, sweet berry, and a hint of mint. Gelato 41 Sauce is perfect for those seeking a potent strain to alleviate stress, pain, and appetite loss while enjoying a delightful flavor experience.","Gelato 41 Sauce is a potent hybrid that blends the full-body relaxation and cerebral uplift of Sunset Sherbert with the minty-sweet effects of Thin Mint Cookies. It features a rich, dessert-like flavor profile with skunky citrus, sweet berry, and a touch of mint. This strain is ideal for those looking to relieve stress, pain, and appetite loss. Gelato 41 Sauce offers a powerful yet enjoyable experience for seasoned cannabis enthusiasts.",,,
,EFFECTS,EFFECTS,EFFECTS,,EFFECTS,,,,
,"Tingly
.Giggly
.Euphoric","Euphoric
.Uplifted
.Relaxed","Uplifted
.Giggly
.Talkative",,"Tingly
.Giggly
.Euphoric",,,,
,,,,,,,,,
,,,,,,,,,
6.0,Blueberry OG Sugar,,,,,,,,
,Blueberry OG,DJ Short Blueberry,OG Kush,,Blueberry OG,Blueberry OG,,,
,"Blueberry OG is a DJ Short Blueberry phenotype with exceptional CBD yielding qualities combined with the indica-dominant legend, OG Kush. This potent, award-winning union doesn’t pack much in the way of psychoactivity, but its anti-anxiety and anti-inflammatory effects make up for any lack of headiness. With flavors of sweet camphor and sandalwood, this strain elevates the consumer's mood and promotes an overall sense of well being.    

","DJ Short Blueberry is a living legend. This is, was, and forever will be the west coast Blueberry varietal. The strain is sought-after and has been spliced into many different hybridized strains. DSBs genetics stem from DJ Short’s travels through Central America and Southeast Asia, where he gathered robust landrace genetics that would later blossom into some of the most revered cannabis strains on the planet. Finding a true cut of DSB is harder than it sounds, but if you do, savor it: You will be igniting a piece of cannabis history. Expect beautiful sedative effects that are second only to the incredible berry flavor of this flower. 

","OG Kush, also known as ""Premium OG Kush,"" was first cultivated in Florida in the early ‘90s when a marijuana strain from Northern California was supposedly crossed with Chemdawg, Lemon Thai and a Hindu Kush plant from Amsterdam. The result was a hybrid with a unique terpene profile that boasts a complex aroma with notes of fuel, skunk, and spice. OG often refers to “Original Gangster,” or ""Ocean Grown"" indicating either the strain’s authenticity or intensity. Many people have different names for the acronym, but real OG Kush should smell like lemon-pine-fuel with a high-THC, mixed head and body effect. It's often enjoyed in the back half of the day to ease stress.

The genetic backbone of West Coast cannabis varieties, OG Kush arrived in Los Angeles in 1996 when Matt “Bubba” Berger brought it (along with “The Bubba,” which was later used to create the famed Bubba Kush) from Florida to legendary cultivator Josh D. Since then, OG Kush has become a worldwide staple used to create numerous famous strains like GSC and Headband. There are many different phenotypes of OG Kush weed, including Tahoe OG, SFV OG, and Ghost OG.",,"**Blueberry OG Sugar** is a hybrid strain that marries the legendary DJ Short Blueberry with the iconic OG Kush, creating a powerful and flavorful experience. This strain combines the deep, sedative relaxation of DJ Short Blueberry with the balanced, high-THC effects of OG Kush, offering both a calming body high and a cerebral uplift. The flavor profile is rich and complex, featuring the sweet, berry notes of Blueberry complemented by the lemon-pine and spicy undertones of OG Kush. Blueberry OG Sugar is perfect for those looking to unwind and savor a piece of cannabis history while easing stress and tension.","Blueberry OG Sugar is a potent hybrid that blends the sedative relaxation of DJ Short Blueberry with the balanced, high-THC effects of OG Kush. It offers a calming body high paired with a cerebral uplift, making it ideal for unwinding. The flavor profile is rich, featuring sweet berry notes with lemon-pine and spicy undertones. This strain is perfect for easing stress and tension while enjoying a flavorful, historical cannabis experience.",,,
,EFFECTS,EFFECTS,EFFECTS,,EFFECTS,,,,
,"Tingly
.Giggly
.Euphoric","Euphoric
.Uplifted
.Relaxed","Uplifted
.Giggly
.Talkative",,"Tingly
.Giggly
.Euphoric",,,,
,,,,,,,,,
,,,,,,,,,
7.0,Mac1 Sugar,,,,,,,,
,Mac 1,Alien Cookies,Mac 1,,Mac 1,Mac 1,,,
,"MAC, also known as ""Miracle Alien Cookies"" or simply ""Miracle Cookies,"" is a indica marijuana strain made by crossing Alien Cookies with Starfighter and Columbian. MAC produces creative effects that are happy and uplifting. This strain features a smooth orange flavor that is balanced out by floral accents on a sweet, earthy finish. Growers say MAC nugs are gorgeous and covered in resin. Medical marijuana patients choose this strain to help relieve symptoms associated with stress and depression.

","Jaws Gear Genetics gave us Alien Cookies by crossing GSC with Aliendawg. It is said to have pungent earthy and vanilla flavors coming from dark colored buds that are drenched in trichomes. It is hard to find, so if you get your hands on Alien Cookies, make sure to savor every moment.

","MAC, also known as ""Miracle Alien Cookies"" or simply ""Miracle Cookies,"" is a hybrid marijuana strain made by crossing Alien Cookies with Starfighter and Columbian. MAC produces creative effects that are happy and uplifting. This strain features a smooth orange flavor that is balanced out by floral accents on a sweet, earthy finish. Growers say MAC nugs are gorgeous and covered in resin. Medical marijuana patients choose this strain to help relieve symptoms associated with stress and depression.

",,"**Alien Mac Sugar** is a stellar indica born from the union of Alien Cookies and MAC 1, offering a unique and potent experience. This strain combines the pungent earthy and vanilla flavors of Alien Cookies with the smooth, citrusy, and floral notes of MAC 1. Expect a balanced high that delivers creative, uplifting effects alongside a calming body relaxation. Alien Mac Sugar is perfect for those looking to elevate their mood and unwind, all while savoring a complex and delightful flavor profile.","Alien Mac Sugar is a potent indica that merges the earthy vanilla flavors of Alien Cookies with the citrusy and floral notes of MAC 1. It offers a balanced high that is both creatively uplifting and calming for the body. This strain is ideal for those seeking to elevate their mood while enjoying deep relaxation. Perfect for unwinding, Alien Mac Sugar delivers a rich, complex flavor experience.",,,
,EFFECTS,EFFECTS,EFFECTS,,EFFECTS,,,,
,"Tingly
.Giggly
.Euphoric","Euphoric
.Uplifted
.Relaxed","Uplifted
.Giggly
.Talkative",,"Tingly
.Giggly
.Euphoric",,,,
,,,,,,,,,
,,,,,,,,,
8.0,Obama Runtz Sauce,,,,,,,,
,Obama Runtz,OG KUSH,Runtz,,Obama Runtz,Obama Runtz,,,
,"Obama Runtz is a mysterious marijuana strain popularized by street culture. Obama Runtz is neither related to Runtz nor Obama Kush. Rumors about this strain started with a viral video originating in Atlanta, GA. As of 2020.

","""OG Kush, also known as """"Premium OG Kush,"""" was first cultivated in Florida in the early ‘90s when a marijuana strain from Northern California was supposedly crossed with Chemdawg, Lemon Thai and a Hindu Kush plant from Amsterdam. The result was a hybrid with a unique terpene profile that boasts a complex aroma with notes of fuel, skunk, and spice. OG often refers to “Original Gangster,” or """"Ocean Grown"""" indicating either the strain’s authenticity or intensity. Many people have different names for the acronym, but real OG Kush should smell like lemon-pine-fuel with a high-THC, mixed head and body effect. It's often enjoyed in the back half of the day to ease stress.

The genetic backbone of West Coast cannabis varieties, OG Kush arrived in Los Angeles in 1996 when Matt “Bubba” Berger brought it (along with “The Bubba,” which was later used to create the famed Bubba Kush) from Florida to legendary cultivator Josh D. Since then, OG Kush has become a worldwide staple used to create numerous famous strains like GSC and Headband. There are many different phenotypes of OG Kush weed, including Tahoe OG, SFV OG, and Ghost OG.""","Runtz, also known as ""Runtz OG,"" is a rare type of  hybrid marijuana strain. Runtz is made by Cookies Fam by crossing  Zkittlez with Gelato and it is loved for its incredibly fruity flavor profile that smells just like a bag of the sugary candy we all know and love. Because of the rising popularity of this cannabis strain, it's no surprise Runtz was named Leafly Strain of the Year in 2020. Runtz is celebrated for its creamy smoke that is smooth and welcoming. This strain of weed produces euphoric highs and uplifting effects that are known to be long-lasting. Purple Caper Seeds released the same cross under the name Gelato Zkittlez.

",,"**Obama Runtz Sauce** is a unique and powerful Indica born from the legendary OG Kush and the fruity, euphoric Runtz. This strain combines the complex, fuel-like aroma of OG Kush with the sweet, candy-like flavors of Runtz, resulting in a rich and satisfying experience. Expect a balanced high that offers both uplifting euphoria and a calming body relaxation, making it ideal for unwinding after a long day. Perfect for those seeking a flavorful and potent strain, Obama Runtz Sauce delivers a smooth, creamy smoke with long-lasting effects.","Obama Runtz Sauce is a potent indica that merges the complex, fuel-like aroma of OG Kush with the sweet, candy-like flavors of Runtz. It offers a balanced high that brings uplifting euphoria alongside calming body relaxation, making it perfect for unwinding. The strain delivers a rich, satisfying experience with a smooth, creamy smoke. Ideal for those seeking a flavorful and long-lasting effect, Obama Runtz Sauce is a top choice.",,,
,EFFECTS,EFFECTS,EFFECTS,,EFFECTS,shorter,,,
,"Tingly
.Giggly
.Euphoric","Euphoric
.Uplifted
.Relaxed","Uplifted
.Giggly
.Talkative",,"Tingly
.Giggly
.Euphoric","Obama Runtz Sauce is a flavorful indica blending OG Kush’s fuel notes with Runtz’s sweet candy profile. It delivers uplifting euphoria and soothing relaxation in a smooth, creamy smoke—perfect for unwinding with lasting effects.",,,
,,,,,,,,,
,,,,,,,,,
9.0,Cherry Runtz Sugar,,,,,,,,
,Cherry Runtz ,Runtz,Cherry Pie,,Cherry Runtz ,Cherry Runtz ,,,
,"Cherry Runtz is a indica weed strain made by crossing Runtz and Cherry Pie, with the big, beautiful purple buds to match. The effects of Cherry Runtz are believed to be euphoric and tingly. Reviewers on Leafly say Cherry Runtz makes them feel aroused, giggly, and sleepy. Cherry Runtz has 17% THC and 1% CBG. The dominant terpene in this strain is limonene, with a lavender aroma and flavors of berry and rose. Medical marijuana patients say they buy this strain when mitigating symptoms of anxiety, depression, and insomnia. The original breeder of Cherry Runtz is Elev8 Seeds.

","Runtz, also known as ""Runtz OG,"" is a rare type of  hybrid marijuana strain. Runtz is made by Cookies Fam by crossing  Zkittlez with Gelato and it is loved for its incredibly fruity flavor profile that smells just like a bag of the sugary candy we all know and love. Because of the rising popularity of this cannabis strain, it's no surprise Runtz was named Leafly Strain of the Year in 2020. Runtz is celebrated for its creamy smoke that is smooth and welcoming. This strain of weed produces euphoric highs and uplifting effects that are known to be long-lasting. Purple Caper Seeds released the same cross under the name Gelato Zkittlez.

","Cherry Pie's parents are Granddaddy Purple and F1 Durb. With buds that are dense and full of orange hairs and a touch of purple, this hybrid strain smells of sweet and sour cherry pie. Leafly reviewers tell us that Cherry Pie’s effects include feeling giggly, happy, and euphoric.

",,"**Cherry Runtz Sugar** is a delightful indica that combines the fruity, euphoric essence of Runtz with the sweet and sour cherry notes of Cherry Pie. This strain delivers a smooth, creamy smoke with a rich flavor profile reminiscent of sugary candy and cherry pie. Expect uplifting and long-lasting effects that bring a sense of happiness and euphoria, perfect for enhancing your mood. Cherry Runtz Sugar is ideal for those seeking a flavorful, uplifting experience with a hint of sweetness.","Cherry Runtz Sugar is a indica strain that blends the fruity, euphoric qualities of Runtz with the sweet and sour cherry flavors of Cherry Pie. It offers a smooth, creamy smoke with a rich, candy-like flavor profile. The effects are uplifting and long-lasting, providing a sense of happiness and euphoria. Perfect for those looking to enhance their mood with a flavorful and sweet experience.",,,
,EFFECTS,EFFECTS,EFFECTS,,EFFECTS,,,,
,"Tingly
.Giggly
.Euphoric","Euphoric
.Uplifted
.Relaxed","Uplifted
.Giggly
.Talkative",,"Tingly
.Giggly
.Euphoric",,,,
1.0,Banana Punch x Raspberry AK,AK 47 ,Raspberry Kush,,,,,,
,"Banana Punch makes you feel happy, relaxed, and tingly. Banana Punch tastes tropical and sweet with notes of citrus.","AK-47, also known as ""AK,"" is a sativa-dominant hybrid marijuana strain that mixes Colombian, Mexican, Thai, and Afghani varieties. Don't let its intense name fool you: AK-47 will leave you relaxed and mellow. The result is a complex blend of flavors and effects.","Raspberry Kush is a great-tasting indica strain whose raspberries and cream aroma will keep you coming back for more. This strain may leave newer consumers feeling pretty lazy, but many find this Kush to be a creative flower, making it great for music, art, and talking with friends.","Blending tropical sweetness with creamy raspberry & citrus notes, Banana Punch x Raspberry AK delivers an uplifting, social & creative high from its AK-47 lineage and a mellow, soothing calm from Raspberry Kush. Ideal for unwinding and sparking inspiration, this extract offers a flavorful and well-rounded experience.",,,,,
,,,,,,,,,
,EFFECTS,EFFECTS,EFFECTS,,EFFECTS,EFFECTS,,,
,,,,,,,,,
2.0,Dos Berry,,,,,,,,
,"Dos Berries is the tasty result of crossing Brr Berry and Do-Si-Dos. It's a happy strain that smacks of berries and sweet earth, relaxing your mind and easing your body in equal measure.",,,"Dos Berry is a flavorful extract that delivers a rich berry taste with subtle hints of sweet earthiness, offering a smooth and satisfying experience. Its effects provide a perfect balance of relaxation, calming both mind and body while uplifting your mood. Dos Berry creates a peaceful sense of calm, making it the ideal companion for any moment of relaxation.


",,,,,
,,,,,,,,,
,EFFECTS,EFFECTS,EFFECTS,,EFFECTS,EFFECTS,,,
,,,,,,,,,
3.0,Mint Pied Eye,Pied Eye,Kush Mints ,,,,,,
,"Pieyed was released by Breakwater ATC and it has to be one of their best ever cultivars to date. The buds are coated with diamond sparkle like trichomes and are super sticky to the touch. Theres nothing like anything really available in any atc's of this quality as this is bud in a class by itself.Helps with:
Anxiety
.Depression
.Pain                                                                                                   Feelings:
Euphoric
.Creative
.Relaxed",Pied Eye buds are coated with diamond sparkle like trichomes and are super sticky to the touch. Theres nothing like anything really available in any atc's of this quality as this is bud in a class by itself.,"Kush Mints, also known as ""Kush Mintz,"" is a hybrid marijuana strain made by crossing Animal Mints with Bubba Kush. The result is a high THC strain with a unique minty taste. Kush Mints provides effects that are uplifting and happy. This strain has a complex flavor profile that tastes like mint and cookies.","
Mint Pied Eye blends the trichome-rich, sticky buds of Pied Eye with the refreshing minty flavor of Kush Mints. Offering a euphoric, creative lift and deep relaxation, this unique blend provides an elevated experience, ideal for unwinding or sparking creativity while soothing anxiety, depression, and pain.",,,,,
,,,,,,,,,
,EFFECTS,EFFECTS,EFFECTS,,EFFECTS,EFFECTS,,,
,,,,,,,,,
4.0,Flap Jack,,,,,,azul,,
,"A delicious strain created by MAC Flurry x Pancakes, this Indica-leaning Hybrid strain will knock you off your feet with its buttery smoothness. This flower has rich notes of cinnamon, hops and lavender to ease chronic stress and anxiety. The smell is incredibly sweet, and the smoke is even smoother.",,,"Flap Jack is a decadent extract made from the flavorful strains MAC Flurry and Pancakes, offering a buttery-smooth experience. With rich, sweet notes of cinnamon, hops, and lavender, it’s crafted to melt away chronic stress and anxiety with every inhale. Perfect for winding down, Flap Jack delivers a full-bodied relaxation that soothes both mind and body.",,,,,
,,,,,,,,,
,EFFECTS,EFFECTS,EFFECTS,,EFFECTS,EFFECTS,,,
,,,,,,,,,
5.0,Papaya Burst,,,,,,verde,,
,"Papaya Burst is a Hybrid strain that delivers a deep calm with delicious notes of tropical fruit. With a Euphoric and relaxing high, Papaya Burst is perfect for any after work relaxation or social activity.",,,"Papaya Burst is a flavorful extract renowned for its calming effects and vibrant tropical fruit notes. It delivers a euphoric, relaxing high that's perfect for unwinding after a long day. Whether you're enjoying a social gathering or relaxing solo, Papaya Burst offers a smooth escape, bringing tranquility with a refreshing tropical twist.",,,,,
,Green,,,,,,,,
,EFFECTS,EFFECTS,EFFECTS,,EFFECTS,EFFECTS,,,
,,,,,,,,,
6.0,Peaches & Cream,,,,,,naranja,,
,"The Peaches and Cream hybrid is a Skunk phenotype with a flavor that lives up to its name. Though floral and citrusy in aroma, Peaches and Cream has a sweet fruity taste underscored by a subtle spiciness. Its buds take on a soft pink-orange color during maturation with bright amber hairs bursting from pastel calyxes. Heady euphoria gives way to creativity and good moods, making this strain an excellent choice for focused tasks and unwinding after work.",,,"Peaches & Cream is a captivating extract with a flavor that matches its name. It features a floral, citrusy aroma and a fruity taste with a touch of spice, offering euphoric and creativity-enhancing effects. Whether tackling tasks or simply relaxing, this extract provides a refreshing and enjoyable experience.",,,,,
,Yellow / orange,,,,,,,,
,EFFECTS,EFFECTS,EFFECTS,,EFFECTS,EFFECTS,,,
,,,,,,,,,
7.0,Strawberry Bomb,,,,,,rojo,,
,"Strawberry Bomb is a potent strain that rings the bell everytime. Reeking of a creamy strawberry bubblegum mixed perfectly with a slight grape and dank fuel aroma. However, some phenos are more fuely kush smelling /tasting.",,,"Strawberry Bomb delivers a memorable experience with each use. Its aroma is a delicious blend of creamy strawberry bubblegum, accented by hints of grape and dank fuel. Whether you're drawn to its sweet or fuel-forward notes, Strawberry Bomb packs a punch with its flavorful and powerful effects.",,,,,
,,,,,,,,,
,EFFECTS,EFFECTS,EFFECTS,,EFFECTS,EFFECTS,,,
,Red,,,,,,,,
8.0,Skorange Bomb,,,,,,,,
,"Skoranges is a true standout strain, known for a complex flavor equivalent to a fine dining experience. A sweet fermented aroma blossoms into a citrusy flavor-bomb with skunky undertones. This one-of-a kind hybrid provides a clear-headed, yet bubbly and euphoric high.",,,"Skoranges offers a truly refined, complex flavor profile. Its sweet, fermented aroma unfolds into a citrusy explosion with skunky undertones. This unique extract delivers a clear-headed high, leaving you feeling bubbly and euphoric. Perfect for social moments or creative pursuits, Skoranges brings a refreshing and uplifting experience.",,,,,
,,,,,,,,,
,EFFECTS,EFFECTS,EFFECTS,,EFFECTS,EFFECTS,,,
,Yellow / orange,,,,,,,,
,,,,,,,,,
,PINNACLE,,,,,,,,
,,Blue Dream',Hindu Kush,,,,,,
,,"Blue Dream is a sativa-dominant hybrid marijuana strain made by crossing Blueberry with Haze. This strain produces a balanced high, along with effects such as cerebral stimulation and full-body relaxation. Blue Dream can be more than 20% THC but has a low CBD percentage, making this potent strain a fan favorite of both novice and veteran cannabis consumers. In terms of flavor, Blue Dream is reported to smell and taste like sweet berries. Medical marijuana patients often use Blue Dream to treat symptoms of stress, anxiety and depression. Blue Dream originated in California and has since achieved legendary status among West Coast strains and has quickly become one of the most-searched-for strains in the Leafly database. The average price per gram of Blue Dream is $20. Strains similar to Blue Dream include Blue Dream CBD, Double Dream, and Blue Magoo.","Hindu Kush, also known as ""Hindi Kush,"" is a pure indica marijuana strain named after the mountain range stretching 500 miles between Pakistan and Afghanistan where it originated. The harsh climate of its homeland has conditioned this strain to express a thick, protective coat of crystal trichomes cherished by hash makers worldwide. With a subtle sweet and earthy sandalwood aroma, Hindu Kush induces a deep sense of calm that helps bring relief to those suffering pain, nausea, and stress disorders.",,"Born from the iconic Blue Dream and the ancient Hindu Kush, Pinnacle delivers a well-rounded experience that blends uplifting cerebral effects with grounded body relaxation. Expect notes of sweet berry layered with earthy sandalwood, offering a flavorful, calming smoke. Ideal for easing into creativity or winding down stress, Pinnacle lives up to its name—smooth, balanced, and reliably elevating.","A balanced hybrid born from Blue Dream and Hindu Kush, Pinnacle offers sweet berry and earthy sandalwood notes with a high that blends mental uplift and soothing body calm. Ideal for mellow creativity or relaxed unwinding.",,,
,EFFECTS,EFFECTS,EFFECTS,,EFFECTS,EFFECTS,,Purple Punch,
,,,,,,,,Obama Runtz,look above 
,,,,,,,,Black Cherry Gelato,
,Black Cherry Gelato,,,,,,,Grapes & Cream,
,,Black Cherry Funk,Acai Berry Gelato,,,,,Motor Breath,look in flower
,,"Black Cherry Funk is an evenly balanced hybrid strain (50% indica/50% sativa) created through crossing the infamous DJ Short's Blueberry X Black Cherry Soda strains. Looking for a super crazy flavor with effects to match? You've found it with Black Cherry Funk. This bud brings on a heavy punch of pungent creamy flavor with hints of fresh blueberries, sweet pine and mouthwatering licorice. The aroma is just as heavy, although with a flowery overtone of freshly picked lavender and pine. The Black Cherry Funk high hits both mind and body, leaving you feeling lifted yet somehow locked down. The cerebral effects come first, boosting your spirits and filling your mind with a blissful and unfocused haze. While you fall into this heady euphoria, a relaxing body stone will creep over you, suddenly dropping you into sleepy sedation before you finally fade away into blackness. Combined with its super high 23-24% average THC level, these effects make Black Cherry Funk ideal for treating chronic pain, depression, mood swings, chronic fatigue and chronic stress or anxiety. This bud has small rounded dense dark olive green nugs with thin amber hairs and a thin and frosty coating of sparkling tiny white trichomes.","Acai Berry Gelato is a sativa-dominant hybrid cannabis strain made by crossing Thin Mint Cookies and Sunset Sherbet; it’s a gorgeous, deep purple plant dripping with trichomes. The effects of Acai Berry Gelato are believed to be energetic and focusing. Reviewers on Leafly say Acai Berry Gelato makes them feel happy, talkative, and uplifted. Acai Berry Gelato has as much as 32% THC. The dominant terpene is limonene, with a nose that is earthy, tropical citrus, and flavors of sweet cream and berries. Medical marijuana patients say they often buy this strain during episodes of ADHD. The original breeder of Acai Berry Gelato is Sherbinski.",,"A cross between Black Cherry Funk and Acai Berry Gelato, Black Cherry Gelato delivers a balanced hybrid experience with both cerebral and physical effects. The flavor profile is rich and indulgent, combining sweet cherry, creamy gelato, and earthy citrus notes. The high starts with uplifting euphoria and focus from the Acai Berry Gelato side, while the Black Cherry Funk brings in a deep body relaxation, slowly transitioning into a soothing calm. This strain is perfect for those seeking a happy, focused mood with a touch of body relaxation. Ideal for stress, anxiety, and mild pain relief, Black Cherry Gelato is a flavorful choice for all-day use.","A balanced hybrid from Black Cherry Funk and Acai Berry Gelato, this strain offers sweet cherry and creamy gelato flavors with earthy citrus undertones. It provides a euphoric, uplifting mental boost followed by relaxing body effects, making it ideal for stress, anxiety, and mild pain relief. A flavorful, all-day strain for a happy and calm experience.",,Key Lime,
,EFFECTS,EFFECTS,EFFECTS,,EFFECTS,EFFECTS,,Pinnacle,
,,,,,,,,Sour Apple,
,,,,,,,,,
,Grape & Cream,,,,,,,,
,,Grape Pie,Cookies and cream,,,,,,
,,"Grape Pie is an indica dominant hybrid strain created through crossing the delicious Grape Stomper X Cherry Pie strains. After one taste of this delicious pie, you'll totally want to take another bite again and again. This baby has a rich fruity berry pie flavor with a nutty exhale that's slightly spicy. The aroma is of earthy herbs and fruity berries with a sweet sugary and spicy overtone that lingers long after the nugs are burned away. The Grape Pie high is just as intoxicating as the flavor, with euphoric effects that will have you kicking back in no time at all. It starts in the head with a light tingly feeling that quickly expands through both mind and body, leaving you feeling totally euphoric and kicked back before you know it. This won't leave you feeling too sedated or sleepy, rather just completely at ease with the world around you. With these effects and its high 20-22% average THC level, Grape Pie is often chosen to treat those suffering from conditions such as chronic stress or anxiety, depression, insomnia, chronic pain and mood swings. This bud has small rounded dark olive green nugs with deep orange hairs and a coating of tiny frosty amber crystal trichomes.","Cookies and Cream is an evenly balanced hybrid (60% indica/40% sativa) strain created through a cross of Starfighter X Unknown Girl Scout Cookies phenotype. This tasty bud took 1st Place for Best Hybrid in the 2014 Denver Cannabis Cup for its insanely delicious flavor and powerhouse hybrid effects. The Cookies and Cream flavor is very much like the name suggests, with tastes of sweet vanilla and nutty earth topped with creamy butter. The aroma is just as delicious, with an overtone of sweet nutty earth and a touch of vanilla as the nugs are burned. This bud has fluffy popcorn-shaped dark green nugs with dark purple undertones, fiery orange hairs, and a frosty coating of clear crystal trichomes. The Cookies and Cream high has sweet long-lasting effects that are perfect for any hybrid lover. The high starts with a happy head lift that's both euphoric and creative with a slight sense of energy. This is accompanied by a relaxing sleepy effect that leaves you dazed and blissfully unaware of any pain or anything happening around you. These effects coupled with its insanely powerful 26% average THC level make Cookies and Cream perfect for treating conditions such as chronic stress or anxiety, nausea, insomnia, muscle spasms, and depression.",,"A delicious hybrid strain from Grape Pie and Cookies and Cream, Grape & Cream offers a sweet, fruity flavor with nutty and creamy undertones. Its euphoric, uplifting effects bring a relaxed, happy vibe without heaviness, perfect for unwinding after a long day. With its balanced high and smooth, sweet taste, it's ideal for treating stress, anxiety, and mood swings.","A sweet hybrid from Grape Pie and Cookies and Cream, Grape & Cream delivers fruity, nutty flavors and a relaxing, euphoric high. Perfect for stress and mood relief, it’s a smooth, balanced strain for unwinding.",,,
,EFFECTS,EFFECTS,EFFECTS,,EFFECTS,EFFECTS,,,
,,,,,,,,,
,,,,,,,,,
,Purple Punch,,,,,,,,
,,Larry OG,Grand Daddy Purps,,,,,,
,,"Larry OG, also known as ""Lemon Larry,"" ""Sour Larry,"" and ""Zour Larry"" is yet another member of the famous ocean-grown strain family. Originally created in Orange County, this indica marijuana strain is a cross between OG Kush and SFV OG. Larry OG produces a potent yet easy body buzz that will allow you to relax while getting things done. The effects of Larry OG are happy but not overwhelming. Like other members of the OG family, this strain has a very clean and piney aroma. The nugs tend to be dense and feature distinct burnt orange hairs that are longer than average.","Granddaddy Purple is an indica marijuana strain that goes by many different names, including ""Grand Daddy Purp,"" ""Granddaddy Purps,"" ""GDP,"" and ""Grandaddy Purple Kush."" Popularized in 2003 by Ken Estes, Granddaddy Purple (or GDP) is a famous indica cross of Mendo Purps, Skunk, and Afghanistan. Other people claim it is Big Bud x Purple Urkle. Either way, this California staple inherits a complex grape and berry aroma from its Purps and Ghani heritage. GDP flowers bloom in shades of deep purple, a contrasting backdrop for its snow-like dusting of white crystal resin. Its potent effects are clearly detectable in both mind and body, delivering a fusion of cerebral euphoria and physical relaxation. While your thoughts may float in a dreamy buzz, your body is more likely to find itself fixed in one spot for the duration of GDP’s effects. Granddaddy Purple is typically pulled off the shelf for consumers looking to combat pain, stress, insomnia, appetite loss, and muscle spasms. GDP blesses growers with massive yields which are ready for harvest following a 60 day flowering time indoors.",,"A cross of Larry OG and Grand Daddy Purps, Purple Punch offers a potent blend of relaxing, euphoric effects. With its sweet grape and berry aroma, it delivers a balanced high that calms the mind and body, making it ideal for stress, pain, and insomnia relief.",,,,
,EFFECTS,EFFECTS,EFFECTS,,EFFECTS,EFFECTS,,,
,,,,,,,,,
,,,,,,,,,
,,,,,,,,,
,,,,,,,,,
,,,,,,,,,
,EFFECTS,EFFECTS,EFFECTS,,EFFECTS,EFFECTS,,,
,,,,,,,,,
,,,,,,,,,
,,,,,,,,,
,,,,,,,,,
,,,,,,,,,
,EFFECTS,EFFECTS,EFFECTS,,EFFECTS,EFFECTS,,,
