gelato,MOTA FLOWER DESCRIPTIONS,Unnamed: 2,STRAIN #1,STRAIN #2,STRAIN #3,GPT ,GPT SHORT,Unnamed: 8,Unnamed: 9,Unnamed: 10,Unnamed: 11,Unnamed: 12,Unnamed: 13
,,,,,,,,,,,,,
,GLITTER BOMB,,,,,,,,,,,,
,GLITTER BOMB,,GRAPE GASOLINE,Blueberry Headband,,GLITTER BOMB,GLITTER BOMB,,,,,,
,"Dank blueberry, grapes, and gas, plus a dazzling look describes Compound Genetics’ 2022 strain Glitter Bomb. Influential grower NorCal IC Mag and Compound crossed Grape Gas #10 to OGKB Blueberry Headband and selected a flawless pheno for 2022. It’s loud, big, blingy, dark, and dramatic-looking, with maximum-THC, indica hybrid effects that’ll sit you down and stoke up some hunger. Watch out for all of Compound’s Grape Gas crosses including GastroPop—they’ve tapped into a gusher.",,"Grape Gasoline is an indica-dominant hybrid weed strain made by crossing Grape Pie with Jet Fuel Gelato. The effects of Grape Gasoline are more calming than energizing. Consumers who have smoked this strain say it makes them feel uplifted, energetic, and euphoric. Grape Gasoline is best enjoyed during the afternoon or early evening hours. In terms of flavor, you can expect pungent grape notes with a hint of diesel. Grape Gasoline is 25% THC, making it an ideal strain choice for experienced cannabis consumers. The dominant terpenes in Grape Gasoline are myrcene followed by caryophyllene and limonene. The original breeder of this strain is Compound Genetics. Weed strains similar to Grape Gasoline include Desert Lime, Pancakes, and Nigerian Silver.","Blueberry Headband is an indica-dominant hybrid, a cross between Headband and Blueberry strains. Features THC levels ranging from 13.96% to 17.7%, with low CBD content. Known for its terpene profile with terpinolene, myrcene, and limonene, offering both recreational and therapeutic benefits.",,"GLITTER BOMB is a potent indica-dominant hybrid that masterfully blends the best of Grape Gasoline and Blueberry Headband. This strain delivers a deeply calming experience, ideal for evening relaxation. Consumers often report feeling euphoric and uplifted, with a gentle surge of energy that gradually mellows into a serene, blissful state. Blueberry Gas boasts a rich flavor profile, combining the sweet, fruity notes of blueberries with the pungent, earthy diesel undertones inherited from Grape Gasoline. With THC levels around 20-25%, this strain is suited for experienced users seeking a balanced yet powerful high. The dominant terpenes include myrcene, caryophyllene, and limonene, contributing to its complex aroma and therapeutic effects. Whether you're winding down after a long day or looking for a creative boost, Blueberry Gas offers a versatile and delightful experience.","Glitter Bomb is a potent indica-dominant hybrid combining Grape Gasoline and Blueberry Headband. Ideal for evening relaxation, it delivers a euphoric, uplifting high that mellows into a serene state. With a rich flavor profile of sweet blueberries and earthy diesel, making it perfect for experienced users. Dominant terpenes myrcene, caryophyllene, and limonene add to its complex aroma and therapeutic benefits.",,,,,,
,EFFECTS,,EFFECTS,EFFECTS,,EFFECTS,,,,,,,
,"Tingly
.Giggly
.Euphoric",,"Euphoric
.Uplifted
.Relaxed","Uplifted
.Giggly
.Talkative",,"Tingly
.Giggly
.Euphoric",,,,,,,
,,,,,,,,,,,,,
,SILVER JACK,,,,,,,,,,,,
,SILVER JACK,,SUPER SILVER HAZE,JACK HERER ,,,SILVER JACK,,,,,,
,"Silver Jack is a sativa dominant hybrid strain created through crossing the infamous Super Silver Haze X Jack Herer strains. Known for its medicinal qualities, Silver Jack packs a potent and long-lasting high thanks to its 22-29% average THC level and 1-3% average CBD level. The high starts with a strong cerebral effect that launches into your mind as soon as you exhale, immediately erasing any negative or racing thoughts and replacing them with lifted focus and energy. Soon you'll be hit with an influx of creativity and motivation that pushes the focus out, leaving you sort of out of it as your mind drifts away into psychedelic artistic visions. With these effects and its super high THC and CBD level, Silver Jack is often chosen to treat conditions such as ADD or ADHD, asthma, Bipolar Disorder, cramps or PMS, and depression. It should be avoided if you suffer from anxiety, as it can amplify these effects. This bud has a super dank lemony pine flavor and a pungent spicy aroma to match. Silver Jack buds have fluffy spade-shaped bright neon green nugs with vibrant orange hairs, rich purple undertones, and a frosty thick coating of golden crystal trichomes.",,"Super Silver Haze is a sativa marijuana strain bred by Green House Seeds. It was the first prize winner at the High Times Cannabis Cup in 1997, 1998, and 1999. Super Silver Haze is made by crossing Skunk, Northern Lights, and Haze creates a beautiful, sticky strain that boasts an energetic, long-lasting body high. The uplifting effects are a great for high stress levels or when suffering from a lack of appetite or nausea.","Jack Herer, also known as ""JH,"" ""The Jack,"" ""Premium Jack,"" and ""Platinum Jack"" is a sativa-dominant marijuana strain that has gained as much renown as its namesake, the marijuana activist and author of The Emperor Wears No Clothes. Combining a Haze hybrid with a Northern Lights #5 and Shiva Skunk cross, Sensi Seeds created Jack Herer hoping to capture both cerebral elevation and heavy resin production. Its rich genetic background gives rise to several different variations of Jack Herer, each phenotype bearing its own unique features and effects. Leafly reviewers tell us that Jack Herer’s effects include feeling energetic, creative, and uplifted. However, consumers typically describe this 55% sativa hybrid as blissful, clear-headed, and creative. Jack Herer was created in the Netherlands in the mid-1990s, where it was later distributed by Dutch pharmacies as a recognized medical-grade strain. Since then, this spicy, pine-scented strain has taken home numerous awards for its quality and potency.",,"Silver Jack is a sativa-dominant hybrid that combines the legendary genetics of Super Silver Haze and Jack Herer. This strain is celebrated for its ability to deliver an energetic and long-lasting body high, perfect for daytime use. Users report feeling euphoric, creative, and clear-headed, making it an ideal choice for tackling stress, boosting appetite, or combating nausea. Silver Jack boasts a complex flavor profile, featuring a spicy pine aroma with subtle hints of skunk and citrus. With a rich lineage that includes Skunk, Northern Lights, Haze, and Shiva Skunk, this strain promises a blissful and uplifting experience. Its dominant terpenes, including myrcene, terpinolene, and caryophyllene, contribute to its therapeutic benefits and distinctive aroma. Whether you're looking for a burst of creative inspiration or a mood-enhancing pick-me-up, Silver Jack offers a well-rounded and invigorating high.","Silver Jack is a sativa-dominant hybrid combining Super Silver Haze and Jack Herer. Known for its energetic and long-lasting body high, it's perfect for daytime use and tackling stress, boosting appetite, or combating nausea. It features a spicy pine aroma with hints of skunk and citrus, complemented by dominant terpenes myrcene, terpinolene, and caryophyllene. Silver Jack provides a euphoric, creative, and clear-headed experience, ideal for a mood-enhancing pick-me-up or creative inspiration.",,,,,,
,EFFECTS,,EFFECTS,EFFECTS,,EFFECTS,,,,,,,
,"Creative, Focus, Uplifting",,"Energetic
.Uplifted
.Creative","Energetic
.Creative
.Uplifted",,"Creative, Focus, Uplifting",,,,,,,
,,,,,,,,,,,,,
,,,,,,,,,,,,,
,BLACK CHERRY GELATO,,,,,,,,,,,,
,BLACK CHERRY GELATO,,ACAI BERRY GELATO,Black Cherry Funk  ,,BLACK CHERRY GELATO,BLACK CHERRY GELATO,BLACK CHERRY GELATO FINAL,,,,,
,"Black Cherry Gelato is a hybrid weed strain made by crossing Acai with Black Cherry Funk. The effects of Black Cherry Gelato are more calming than energizing. Reviewers on Leafly who have smoked this strain say it makes them feel aroused, hungry, and focused. Black Cherry Gelato is 22% THC making it an ideal choice for new and experienced cannabis consumers. The dominant terpene of Black Cherry Gelato is pinene, which is often associated with pine forest aromas. Reviewers tell Leafly this strain tastes like berries with sweet apricot undertones. Medical marijuana patients often buy this strain during mild episodes of depression, stress, and cramps.",,"Acai Berry Gelato effects are mostly energizing.
Acai Berry Gelato is a sativa-dominant hybrid cannabis strain made by crossing Thin Mint Cookies and Sunset Sherbet; it’s a gorgeous, deep purple plant dripping with trichomes. The effects of Acai Berry Gelato are believed to be energetic and focusing. Reviewers on Leafly say Acai Berry Gelato makes them feel happy, talkative, and uplifted. Acai Berry Gelato has as much as 32% THC. The dominant terpene is limonene, with a nose that is earthy, tropical citrus, and flavors of sweet cream and berries. Medical marijuana patients say they often buy this strain during episodes of ADHD. The original breeder of Acai Berry Gelato is Sherbinski.","Black Cherry Funk is an evenly balanced hybrid strain (50% indica/50% sativa) created through crossing the infamous DJ Short's Blueberry X Black Cherry Soda strains. Looking for a super crazy flavor with effects to match? You've found it with Black Cherry Funk. This bud brings on a heavy punch of pungent creamy flavor with hints of fresh blueberries, sweet pine and mouthwatering licorice. The aroma is just as heavy, although with a flowery overtone of freshly picked lavender and pine. The Black Cherry Funk high hits both mind and body, leaving you feeling lifted yet somehow locked down. The cerebral effects come first, boosting your spirits and filling your mind with a blissful and unfocused haze. While you fall into this heady euphoria, a relaxing body stone will creep over you, suddenly dropping you into sleepy sedation before you finally fade away into blackness. Combined with its super high 23-24% average THC level, these effects make Black Cherry Funk ideal for treating chronic pain, depression, mood swings, chronic fatigue and chronic stress or anxiety. This bud has small rounded dense dark olive green nugs with thin amber hairs and a thin and frosty coating of sparkling tiny white trichomes.",,"This balanced hybrid strain merges the vibrant energy of Acai Berry Gelato with the relaxing body effects of Black Cherry Funk. Delivering an uplifting and focused cerebral high alongside a soothing, body-relaxing finish, it's perfect for those seeking therapeutic relief from chronic pain, stress, or fatigue. The flavor profile is a mix of sweet cream and berries, with undertones of fresh blueberries, tropical citrus, and a hint of licorice. Aromas of earthy, tropical fruits are complemented by floral lavender and pine notes, creating a sensory delight. Dominant terpenes include limonene and myrcene, contributing to its energizing yet calming effects","More calming than energizing, this sweet berry, apricot and pine flavored hybrid strain is a cross between the vibrant Acai Berry Gelato and sedating Black Cherry Funk. Delivering an uplifting and focused cerebral high alongside a soothing, body-relaxing finish, it's ideal for those seeking focus, appetite, arousal, as well as relief from depression, stress and cramps.","This hybrid strain offers a sweet berry, apricot, and pine flavor. It is a cross between Acai Berry Gelato and Black Cherry Funk. Users experience an uplifting and focused cerebral high, followed by a soothing, body-relaxing finish. It is ideal for those seeking focus, appetite, arousal, and relief from depression, stress, and cramps.",,,,,
,EFFECTS,,EFFECTS,EFFECTS,,4o,,,,,,,
,"Hungry
.Aroused
.Giggly",,"Talkative
.Happy
.Energetic","Body High, Euphoria, Relaxing, Sleepy, Uplifting",,,,,,,,,
,,,,,,,,,,,,,
,BLACK RUNTZ,,,,,,,,,,,,
,BLACK RUNTZ,,ZKITTLEZ  ,GELATO  ,,,BLACK RUNTZ,,,,,,
,"If regular Runtz is the hero of the cannabis world, then Black Runtz is the dark twin. This indica-dominant hybrid is a phenotype of classic Runtz, our 2020 Strain of the Year, and shares the same award-winning Zkittlez and 2018 Strain of the Year Gelato parents. Black Runtz is 24% THC, making this strain an ideal choice for experienced cannabis consumers. Leafly customers tell us Black Runtz effects make them feel relaxed, happy, and aroused. Medical marijuana patients often choose Black Runtz when dealing with symptoms associated with chronic pain, insomnia, and anxiety. Bred by Big Boss Farms, Black Runtz, the dominant terpene of this weed strain is limonene. Black Runtz has a creamy and citrus aroma with a sweet berry flavor.",,"ZKittlez is an indica dominant hybrid strain created through a cross of the deliciously powerful Grape Ape X Grapefruit strains. Although the exact indica to sativa ratio varies based on breeder practices, ZKittlez has been measured consistently at having a low THC level of 15%. Despite this relatively mild THC level, this bud placed first for Best Indica at both the 2015 Cannabis Cups in San Francisco and Michigan. Despite its low THC level, this bud packs a powerful flavorful punch. ZKittlez has a super fruity aroma of sweet tropical earth with a slight herbal effect to it. The flavor is even better, with a sweet berry taste that has a crisp tropical citrus aftertaste that lingers on the tongue long after you finish smoking. The ZKittlez is just as enticing as its taste, although it is relatively mellow in nature. It starts with an uplifting head buzz that leaves you euphoric and creatively inspired but not anxious or overwhelmed. This is accompanied by a relaxing body buzz that slowly spreads throughout the body and to your very fingertips, leaving you completely calm and pain free without limiting your movement. A mild sleepy effect will wash over you upon the comedown, although it won't put you to sleep. These effects make ZKittlez the perfect choice for treating patients suffering from conditions such as insomnia, chronic pain, mild cases of depression, chronic stress or anxiety, and inflammation. This bud has large and lumpy pepper-shaped dark olive green nugs with sparse rich amber hairs and a thick frosty coating of tiny crystal white trichomes.","Gelato, also known as ""Larry Bird"" and ""Gelato #42"" is an evenly-balanced hybrid marijuana strain made from a crossing of Sunset Sherbet and Thin Mint Girl Scout Cookies. With its balance of indica & sativa, this strain produces a euphoric high accompanied by strong feelings of relaxation. Consumers who have smoked Gelato say the effects of the strain come on quickly. You'll be left feeling numb to pain, relaxed, but mentally stimulated and productive. As far as potency goes, Gelato boasts a THC level of 21%, making it an ideal choice for medical marijuana patients seeking relief for pain, fatigue, and insomnia. Novice consumers may want to approach this THC powerhouse with caution, but those armed with a high THC tolerance will delight in the heavy-handed effects this strain offers. In terms of taste, Gelato is sweet and features fruity and creamy flavors and aromas. According to growers, this strain produces buds that bloom in dark purple hues and are illuminated by fiery orange hairs and a shiny white coating of crystal resin. The average price per gram of Gelato is $12. Because Gelato has reached a legendary status among cannabis connoisseurs, it comes as no surprise it's been used to make a variety of other high-quality Gelato strains, including Gelato #3, Gelato #33, Gelato #41, and Gelato #45.",,"BLACK RUNTZ is an exquisite hybrid that brings together the best of both worlds from its parent strains, Zkittlez and Gelato. This strain offers a harmonious balance of uplifting and relaxing effects, perfect for those seeking a versatile experience. With a moderate THC level around 18-22%, Gelato Zkittlez provides a mellow yet euphoric high that enhances creativity and mood without overwhelming the user. The flavor profile is a delightful fusion of sweet tropical fruits, berries, and creamy undertones, with a crisp citrus finish that lingers on the palate. The aroma is equally enchanting, combining fruity and earthy notes with subtle herbal hints. Gelato Zkittlez is ideal for managing conditions such as chronic pain, stress, anxiety, and mild depression, thanks to its calming body buzz and uplifting cerebral effects. Whether you're looking to unwind after a long day or spark some creative inspiration, Gelato Zkittlez is a delicious and well-rounded choice.","Black Runtz is a balanced hybrid combining the best traits of Zkittlez and Gelato. It offers a harmonious mix of uplifting and relaxing effects, providing a mellow yet euphoric high that enhances creativity and mood . The flavor profile features sweet tropical fruits, berries, and creamy undertones, finished with crisp citrus. Ideal for managing chronic pain, stress, anxiety, and mild depression, Black Runtz delivers a calming body buzz and uplifting cerebral effects.",,,,,,
,EFFECTS,,EFFECTS,EFFECTS,,,,,,,,,
,"Aroused
.Sleepy
.Happy",,"Creative, Euphoria, Focus, Happy, Relaxing","Euphoric
.Aroused
.Happy",,,,,,,,,
,,,,,,,,,,,,,
,,,,,,,,,,,,,
,SOUR GLUE,,,,,,,,,,,,
,SOUR GLUE,,SOUR DIESEL  ,GG4,,SOUR GLUE,SOUR GLUE,,,,,,
,"Sour Glue is a potent hybrid marijuana strain made by crossing Sour Diesel and GG4. This strain is known for its delicious flavor that is sweet, sour, and has a mellow finish of diesel. Sour Glue gives a heavy head high that will have you feeling euphoric from the very first hit. This strain is best smoked when you're at home with nothing to do, as the effects will eventually have you ""glued"" to the couch. Because of Sour Glue's potency, only consumers with a high THC tolerance should smoke this strain. Sour Glue buds are small and dense, with frosty trichomes and thick brown hairs. Medical marijuana patients say they choose this strain to help stimulate appetite.",,"Sour Diesel, also known as ""Sour D"" and ""Sour Deez,"" is a popular hybrid marijuana strain made by crossing Chemdawg and Super Skunk. Sour Diesel effects are dreamy, cerebral, fast-acting and energizing. This strain features a pungent flavor profile that smells like diesel. Medical marijuana patients choose Sour Diesel to help relieve symptoms associated with depression, pain, and stress. Fun fact: Sour Diesel first became popular in the early 1990s and has been legendary ever since.","Gorilla Glue is a hybrid weed strain made from a genetic cross between Chem’s Sister, Sour Dubb, and Chocolate Diesel. This strain is 37% sativa and 63% indica. “Gorilla Glue”, also known as “Original Glue” or “GG4”, is a potent strain that delivers heavy-handed euphoria and relaxation, leaving you feeling “glued” to the couch. Its chunky, resin-covered buds fill the room with pungent earthy and sour aromas inherited from its parent strains. Gorilla Glue is 20% THC, making this strain an ideal choice for experienced cannabis consumers. Leafly customers tell us Gorilla Glue effects include feeling relaxed, sleepy, and hungry. Medical marijuana patients often choose Gorilla Glue when dealing with symptoms associated with stress, anxiety, and pain. Bred by GG Strains LLC, Gorilla Glue features flavors like pungent, pine, and earthy. The dominant terpene of this strain is caryophyllene. The average price of Gorilla Glue typically ranges from $10-$15 per gram. Gorilla Glue is a multiple award-winning strain that has taken first place in both the Michigan and Los Angeles 2014 Cannabis Cups, as well as the High Times Jamaican World Cup in 2015. It is a fast-growing strain that produces large yields of sticky buds with a flowering time of 9-10 weeks.",,"Diesel Glue is a powerful hybrid strain that expertly combines the energetic and cerebral effects of Sour Diesel with the heavy relaxation and euphoria of GG4. This strain delivers a robust high that starts with a stimulating, uplifting buzz and gradually transitions into a deeply relaxing body melt. With THC levels typically around 20-25%, Diesel Glue is ideal for seasoned users seeking a potent and balanced experience. The flavor profile is a tantalizing mix of diesel, earthy pine, and a hint of sour sweetness, complemented by the dominant terpene caryophyllene. The aroma is equally pungent, featuring strong diesel notes with underlying hints of earthy and piney scents. Diesel Glue is a great choice for alleviating symptoms of stress, pain, and anxiety, while also providing a touch of creative inspiration and mental clarity. Perfect for evening use or when winding down, Diesel Glue offers a comprehensive and satisfying high that caters to both recreational and medicinal needs.","Sour Glue is a potent hybrid that combines the energetic effects of Sour Diesel with the deep relaxation of GG4. It delivers a robust high, starting with an uplifting buzz that transitions into a calming body melt, ideal for seasoned users. The flavor profile includes diesel, earthy pine, and sour sweetness, with caryophyllene as the dominant terpene. Sour Glue is perfect for alleviating stress, pain, and anxiety while offering creative inspiration and mental clarity, making it an excellent choice for evening use.",,,,,,
,EFFECTS,,EFFECTS,EFFECTS,,,,,,,,,
,"Tingly
.Happy
.Euphoric",,"Energetic
.Talkative
.Uplifted","Relaxed
.Sleepy
.Hungry",,,,,,,,,
,,,,,,,,,,,,,
,SLAPZ,,,,,,,,,,,,
,SLAPZ,,RUNTZ,Grease MOnkey,,SLAPZ,,,,,,,
,"The Slapz weed strain is breeder Exotic Genetix’s cross of Runtz and Grease Monkey. Genetics from Zkittlez, Gelato, Original Glue, and GSC give Slapz a face-smacking odor and taste of skunk, diesel, and pine. Reviewers report feeling aroused, creative, and hungry on Slapz cannabis, but newbies should watch out: those mega-high THC levels can make novices anxious and dry their mouth out.",,"Runtz, also known as ""Runtz OG,"" is a rare type of hybrid marijuana strain. Runtz is made by Cookies Fam by crossing Zkittlez with Gelato and it is loved for its incredibly fruity flavor profile that smells just like a bag of the sugary candy we all know and love. Because of the rising popularity of this cannabis strain, it's no surprise Runtz was named Leafly Strain of the Year in 2020. Runtz is celebrated for its creamy smoke that is smooth and welcoming. This strain of weed produces euphoric highs and uplifting effects that are known to be long-lasting. Purple Caper Seeds released the same cross under the name Gelato Zkittlez.","Grease Monkey is a sweet hybrid marijuana strain with earthy and skunky overtones. Created by Exotic Genetix, Grease Monkey is a cross of GG4 x Cookies and Cream. This strain saddles the consumer with a lazy, munchie-fueled body buzz that may soften the blow of chronic pain, nausea, and stress. While defined as a hybrid, this Grease Monkey’s deep relaxation will naturally lead some consumers toward sleep, so mind your dosage.",,"Slapz is a delightful hybrid strain born from the fusion of Runtz and Grease Monkey. This strain offers a unique combination of euphoric and uplifting effects with a deep, munchie-inducing body buzz that can help alleviate chronic pain, nausea, and stress. Its flavor profile is a captivating blend of fruity sweetness, earthy undertones, and skunky hints, making each puff a flavorful experience. With its balanced effects, Slapz provides long-lasting euphoria and relaxation, perfect for both daytime creativity and evening unwinding.","This strain blends the sweet, candy-like flavors of Runtz with the earthy, skunky notes of Grease Monkey for a unique taste experience. Its smooth, creamy smoke offers a burst of sugary fruit followed by rich earthiness. The effects are a balanced mix of euphoria and relaxation, making it perfect for easing stress and promoting calm. Ideal for unwinding, it’s great for evening use, helping to combat nausea and enhance relaxation.",,,,,,  
,EFFECTS,,EFFECTS,EFFECTS,,EFFECTS,EFFECTS,,,,,,
,Aroused; .Relaxed: .Sleepy,,,,,,,,,,,,
,,,,,,,,,,,,,
,Z'erealz,,,,,,,,,,,,
,Zerealz,,CEREAL MILK  ,ZKITTLEZ,,,,,,,,,
,"Zereal is a hybrid weed strain made from a genetic cross between Cereal Milk and Zkittlez. This strain is 50% sativa and 50% indica. Zereal is 20% THC, making this strain an ideal choice for experienced cannabis consumers. We are still learning about Zereal’s effects, flavors, and medical uses. If you’ve smoked, dabbed, or consumed Zereal, please tell us about your experience by leaving a strain review.Helps with:
Anxiety
.Stress
.Depression",,"Cereal Milk is a hybrid marijuana strain.Cereal Milk has a loud flavor with a sweet milk and ice cream nose that will keep you dipping back into your stash. You can expect dense, quality nugs dripping with trichomes and a potent high.","The Original Z (popularly known under an infringing candy name) is an indica hybrid marijuana strainThis strain features medium-sized, spongy green colas that with a sweet, tropical blend of fruit flavors. The effects of The Original Z are calming, leaving consumers focused, alert, and happy while relaxing the body to help unwind any time of day.",,"Z'erealz is a balanced hybrid cannabis strain born from the cross of Cereal Milk and Zkittlez, making it 50% sativa and 50% indica. With a potent 20% THC content, Z'erealz is a top choice for seasoned consumers seeking a flavorful experience and potent effects. This strain features dense, trichome-rich buds with a loud, sweet milk and ice cream aroma, complemented by a tropical blend of fruit flavors. The effects of Z'erealz are calming and uplifting, leaving users focused, alert, and content while providing a relaxing body high that’s perfect for unwinding. Ideal for relieving anxiety, stress, and depression, Z'erealz offers a well-rounded experience for any time of day.","Z'erealz is a heavy indica-dominant hybrid strain born from a cross of Cereal Milk and Zkittlez. A top choice for seasoned consumers seeking a flavorful experience and potent effects, this strain features dense, trichome-rich buds with a loud, sweet milk and ice cream aroma, complemented by a tropical blend of fruity flavors. Enjoy creative, focused and energetic effects while unwinding with a relaxing body high. Ideal for relieving anxiety, cramps, and depression.",,,,,,
,EFFECTS,,EFFECTS,EFFECTS,,EFFECTS,EFFECTS,,,,,,
,"
Relaxed
.Sleepy
.Hungry
",,,,,,,,,,,,
,,,,,,,,,,,,,
,,,,,,,,,,,,,
,,,,,,,,,,,,,
,,,,,,,,,,,,,
,,,,,,,,,,,,,
,,,,,,,,,,,,,
,,,,,,,,,,,,,
,,,,,,,,,,,,,
,,,,,,,,,,,,,
,,,,,,,,,,,,,
,,,,,,,,,,,,,
,,,,,,,,,,,,,
,EFFECTS,,EFFECTS,EFFECTS,,EFFECTS,EFFECTS,,,,,,
,,,,,,,,,,,,,
,,,,,,,,,,,,,
,Lemon Jack,,,,,,,,,,,,
,Lemon Jack,,Jack Herer,Lemon Kush,,,FINAL,,,,,,
,"While Lemon Jack has yet to earn the reputation of its father, Jack Herer, this sativa deserves some respect. A potent strain featuring a distinct, chemical-like lemon smell, Lemon Jack has strong psychoactive effects. Focused and energizing, this strain’s effects draw from both its Jack Herer and Lemon Kush heritage. Like a strong cup of coffee, Lemon Jack is a daytime strain. Patients who suffer from headaches and fatigue tend to find relief with this strain, though it may not be the best choice for those who suffer from anxiety.",,"Jack Herer, also known as ""JH,"" ""The Jack,"" ""Premium Jack,"" and ""Platinum Jack"" is a sativa-dominant marijuana strain that captures both cerebral elevation and heavy resin production. Jack Herer’s effects include feeling energetic, creative, and uplifted. However, consumers typically describe this 55% sativa hybrid as blissful, clear-headed, and creative. this spicy, pine-scented strain has taken home numerous awards for its quality and potency.","Lemon Kush, also known as ""Cali Lemon Kush,"" is a hybrid marijuana strain.everyone will agree that the sweet flavors of lemon and citrus mix exceptionally well with the earthy kush undertones. The light green buds are covered in a white frosting of trichomes and provide uplifting and creative effects. Lemon Kush is the perfect solution for when the stresses of life have you feeling sour.",,"Lemon Jack is a potent sativa strain that inherits the best qualities of its parent strains, Jack Herer and Lemon Kush. With a distinct, chemical-like lemon aroma, this strain delivers strong psychoactive effects that are both focused and energizing, making it ideal for daytime use. Its lineage from Jack Herer provides a blissful, clear-headed, and creative experience, while the Lemon Kush influence adds uplifting and stress-relieving properties. Perfect for combating headaches and fatigue, Lemon Jack offers a powerful pick-me-up similar to a strong cup of coffee.","Lemon Jack is a potent sativa strain that inherits the best qualities of its parent strains, Jack Herer and Lemon Kush. With a distinct, chemical-like lemon aroma, it delivers psychoactive effects that are both focused and energizing, making it ideal for daytime use. Its lineage from Jack Herer provides a blissful, clear-headed, and creative experience, while the Lemon Kush influence adds uplifting and stress-relieving properties. Perfect for combating headaches and fatigue, Lemon Jack offers a powerful pick-me-up similar to a strong cup of coffee.",,,,,,
,"EFFECTS                                                             Energetic
.Focused
.Talkative",,"EFFECTS - Focused
.Energetic
.Creative","EFFECTS Happy
.Giggly
.Uplifted",,EFFECTS,EFFECTS,,,,,,
,"Helps with Stress,                                       
.Depression
.Fatigue",,"Stress
.Anxiety
.Depression","Stress
.Anxiety
.Depression",,,,,,,,,
,,,,,,,,,,,,,
,Jelly Bomb,,,,,,,,,,,,
,Jelly Bomb,,Glitter Bomb,Jealousy,,,FINAL,,,,,,
,,,"Dank blueberry, grapes, and gas, plus a dazzling look describes Compound Genetics’ 2022 strain Glitter Bomb. It’s loud, big, blingy, dark, and dramatic-looking, with maximum-THC, indica hybrid effects that’ll sit you down and stoke up some hunger.","
Jealousy ( Originally Bred by Seed Junky Genetcs ) effects are mostly energizing.Jealousy is a hybrid weed strain . Jealousy is known for its balancing effects.Those who have smoked this strain say it makes them feel mentally relaxed but physically energetic. Jealousy can test into the high 20s in terms of THC percentage, ideal for experienced cannabis consumers. The dominant terpene of this strain is caryophyllene, which is often associated with a fuel aroma. There's also limonene, myrcene, and sometimes even linalool and humulene. Jealousy tastes earthy and funky. Medical marijuana patients say they buy this strain when feeling symptoms of mild stress. ",,"Jelly Bomb is a striking hybrid strain that combines the potent effects of Glitter Bomb and Jealousy. With a bold aroma of blueberry, grapes, and gas, this strain offers a unique balance of mental relaxation and physical energy. Its effects are both giggly and calming, making it perfect for unwinding while staying sociable and upbeat. Ideal for experienced users, Jelly Bomb is known to help alleviate anxiety, depression, and stress, while also stimulating appetite and creativity.","Jelly Bomb is a striking hybrid strain that combines the potent effects of blueberry, grapes, and gas flavored Glitter Bomb and Earthy, Funky Jealousy. This strain offers a unique balance of mental relaxation and physical energy. Its effects are both giggly and calming, making it perfect for unwinding while staying sociable and upbeat. Jelly Bomb is known to help alleviate anxiety, depression, and stress, while also stimulating creativity.",,,,,,
,"EFFECTS                                                             Energetic
.Focused
.Talkative",,"EFFECTS - Giggly
.Tingly
.Relaxed","EFFECTS Giggly
.Relaxed
.Talkative, calming
energizing",,EFFECTS,EFFECTS,,,,,,
,"Helps with Stress,                                       
.Depression
.Fatigue",,"Helps with:
Anxiety
.Depression
.Pain","Helps with Anxiety
.Depression
.Stress
",,,,,,,,,
,,,,,,,,,,,,,
,Pink Runtz,,,,,,,,,,,,
,,,,,,,FINAL,,,,,,
,,,,,,,"Pink Runtz crosses Zkittlez with Gelato. The hype around this strain has been firmly established - and for good reason. Pink Runtz features an aroma that is sweet and fruity like candy. This strain produces uplifting yet relaxing effects that are known to be long-lasting.
",,,,,,
,,,,,,EFFECTS,EFFECTS,,,,,,
,,,,,,,,,,,,,
,GELATO 33,,,,,,,,,,,,
,,,,,,,FINAL,,,,,,
,,,,,,,"Gelato 33 is a cross of Sunset Sherbet and Thin Mint GSC. Like other Gelato phenotypes, Gelato #33 is covered with fiery orange hairs while its buds can be dark green to purple. With sweet citrus and fruity flavors, Gelato #33 offers an uplifting and energetic high that is perfect for any post-work activity after a long day.",,,,,,
,,,,,,EFFECTS,EFFECTS,,,,,,
,,,,,,,,,,,,,
,We are not sure where to find the Promo Card PDFs for Sour Glue & Black Cherry Gelato,,"BIG PROMO CARDS NEEDED AS OF 9/4 - Lemon Cherry Gelato, OG, Runtz & Rainbow Runtz",,,,,,,,,,
,,,,,,,,,,,,,
,Lemon Cherry Gelato,,,,,,,,,,,,
,,,,,,,FINAL,,,,,,
,,,,,,,"A Cross between Sunset Sherbert & Girl Scout Cookies. With aromas of lime, berries, and citrus with flavors of lemon, and sweet fruit, this strain is an ideal choice for those seeking tingly, relaxing & euphoric effects and relief from anxiety, pain, and stress.",,,,,,
,,,,,,EFFECTS,EFFECTS,,,,,,
,,,,,,,,,,,,,
,OG,,,,,,,,,,,,
,,,,,,,FINAL,,,,,,
,,,,,,,"OG often refers to ""Original Gangster"" indicating the Strain's authenticity & intensity. OG Kush should smell like lemon-pine-fuel with a high THC mixed head and body effect. Perfect for easing stress at the end of a long day.",,,,,,
,,,,,,EFFECTS,EFFECTS,,,,,,
,,,,,,,,,,,,,
,Runtz,,,,,,,,,,,,
,,,,,,,FINAL,,,,,,
,,,,,,,"A Cross of Zkittlez & Gelato, this rare award winning Indica Strain is popular for it's fruity, candy flavored profile as well as it's creamy smoke & euphoric and uplifting high.",,,,,,
,,,,,,EFFECTS,EFFECTS,,,,,,
,,,,,,,,,,,,,
,Rainbow Runtz,,,,,,,,,,,,
,Rainbow Runtz,,Runtz,RS11,,,,,,,,,
,"Rainbow Runtz, also known as “Rainbow Runts,” was an indica weed strain made from a double cross of Zkittlez and DoSiDos. In 2024, Rainbow Runtz is also Wizard Trees' cross of Runtz x RS11. The effects of modern Rainbow Runtz are hybrid great for daytime and afternoon smoking. Reviewers on Leafly who have smoked this strain say it makes them feel happy, and relaxed, and it pairs well with your favorite hobbies. The flavor of Rainbow Runtz is a candy front with a pungent fuel back.",,"Runtz, also known as ""Runtz OG,"" is a rare type of hybrid marijuana strain. Runtz is made by Cookies Fam by crossing Zkittlez with Gelato and it is loved for its incredibly fruity flavor profile that smells just like a bag of the sugary candy we all know and love. Because of the rising popularity of this cannabis strain, it's no surprise Runtz was named Leafly Strain of the Year in 2020. Runtz is celebrated for its creamy smoke that is smooth and welcoming. This strain of weed produces euphoric highs and uplifting effects that are known to be long-lasting. Purple Caper Seeds released the same cross under the name Gelato Zkittlez.","RS11, also known as ""RS-11"" and ""Rainbow Sherbert #11,"" is a hybrid weed strain that Deo Farms made by crossing the OZ Kush project Pink Guava with a Sunset Sherbert. RS-11 was bred by Deo Farms of Oakland, CA, the maker of Zoap. RS-11 was selected by Wizard Trees of LA, along with RS-54. In 2023, many cultivators grow RS-11 across the US. RS-11 is more relaxing than energizing. Consumers who have smoked this strain report feeling calm, and sedated, but still mentally alert. The flavor profile is extra fruity with hints of sour citrus. RS11 flower provides a smooth smoke and a lingering sweet and spicy aroma. Medical marijuana patients say they smoke this strain when experiencing mild pain.",,"The resulting cross between Runtz and RS11 is a vibrant hybrid that brings together the best of both parent strains. This offspring strain boasts a delightful blend of fruity flavors with undertones of sour citrus and candy sweetness, creating an irresistible taste experience. Expect a smooth, creamy smoke that’s both relaxing and uplifting, perfect for unwinding while staying mentally sharp. The high is long-lasting, delivering a balanced mix of euphoria and calm, making it a go-to choice for those seeking relief from stress or mild discomfort without feeling overly sedated.","A vibrant Indica Hybrid Strain combining the best of both parent strains Runtz and RS11. Rainbow Runtz boasts a delightful blend of candy sweetness with a pungent fuel back. Expect a smooth, creamy smoke bringing a long-lasting relaxing and uplifting high pairing well with your favorite hobbies.",,,,,,
,,,,,,,,,,,,,
,,,,,,,,,,,,,
,,,,,,,,,,,,,
,,,,,,,,,,,,,
,Cheetah Piss,,,,,,,,,,,,
,Cheetah Piss,,London Pound Cake,Lemonnade,Gelato 42,,,,,,,,
,,,"London Pound Cake, also known as “Pound Cake”, is an indica-dominant weed strain made from a genetic cross between Sunset Sherbert and an unknown heavy-hitting indica. London Pound Cake is a potent and delicious strain that offers a smooth and relaxing high. Bred by Cookies, London Pound Cake combines the best of both parents, delivering a sweet and spicy flavor with a diesel and nutty undertone. London Pound Cake is 20% THC, making this strain an ideal choice for experienced cannabis consumers. Leafly customers tell us London Pound Cake effects include sleepy, relaxed, and tingly. Medical marijuana patients often choose London Pound Cake when dealing with symptoms associated with anxiety, depression, and stress. Bred by Cookies, London Pound Cake features flavors like vanilla, butter, and lemon. The dominant terpene of this strain is myrcene. The average price of London Pound Cake typically ranges from $10-$20 per gram. If you’re looking for a tasty and soothing strain that can ease your mind and body, London Pound Cake might be the perfect choice for you. If you’ve smoked, dabbed, or consumed London Pound Cake, tell us about your experience by leaving a strain review","Lemonnade, also known as ""The Original Lemonnade"" or simply ""Lemonade,"" is a sativa-dominant hybrid marijuana strain made by crossing Lemon OG and Gorilla Haze. Lemonade tastes and smells just like freshly squeezed lemons. This strain is ideal for wake and bake enthusiasts, as Lemonade tends to make consumers feel energetic and motivated. Medical patients pick this theraputic strain for its ability to relieve anxiety, inflammation and cramping. Bred by Growing Passion, this strain produces dense, resinous buds with soft orange hairs that look beautiful against the buds light green coloration.","Gelato, also known as ""Larry Bird"" and ""Gelato #42"" is an evenly-balanced hybrid marijuana strain made from a crossing of Sunset Sherbet and Thin Mint Girl Scout Cookies. With its balance of indica & sativa, this strain produces a euphoric high accompanied by strong feelings of relaxation. Consumers who have smoked Gelato say the effects of the strain come on quickly. You'll be left feeling numb to pain, relaxed, but mentally stimulated and productive. As far as potency goes, Gelato boasts a THC level of 21%, making it an ideal choice for medical marijuana patients seeking relief for pain, fatigue, and insomnia. Novice consumers may want to approach this THC powerhouse with caution, but those armed with a high THC tolerance will delight in the heavy-handed effects this strain offers. In terms of taste, Gelato is sweet and features fruity and creamy flavors and aromas. According to growers, this strain produces buds that bloom in dark purple hues and are illuminated by fiery orange hairs and a shiny white coating of crystal resin. The average price per gram of Gelato is $12. Because Gelato has reached a legendary status among cannabis connoisseurs, it comes as no surprise it's been used to make a variety of other high-quality Gelato strains, including Gelato #3, Gelato #33, Gelato #41, and Gelato #45.","Cheetah Piss is a potent cannabis strain born from the cross of London Pound Cake, Lemonnade, and Gelato, blending a variety of effects and flavors. The strain offers a euphoric and relaxing high, with a sweet and creamy profile from Gelato, complemented by the zesty lemon notes of Lemonnade and the spicy, nutty undertones of London Pound Cake. Cheetah Piss boasts a THC content that provides a strong, uplifting experience, making it ideal for those seeking both relaxation and motivation. Its combination of invigorating and soothing effects makes it a favorite among cannabis enthusiasts for both recreational and medicinal use.","Cheetah Piss delivers a euphoric high. Savor the sweet, creamy flavors of Gelato, zesty lemon from Lemonnade, and spicy, nutty notes from London Pound Cake. This strain is the ideal choice for those looking to unwind while staying motivated and focused.",,,,,,
,EFFECTS,,EFFECTS,EFFECTS,,EFFECTS,EFFECTS,,,,,,
,,,,,,,,,,,,,
,Grape Gas,,,,,,,,,,,,
,,,Grape Pie,Jet Fuel Gelato,,,,,,,,,
,,,Grape Pie is an indica-leaning hybrid with sour and sugary grape aromas. This strain gives off a high that may initially bring you up with euphoria before landing you down on the couch for munchies and TV. Grape Pie is a cross of Cherry Pie and the Gage Green Group’s Grape Stomper. This strain looks just like a classic old school purp strain with terpy trichomes that offer delicious sour and sugary grape aromas associated with Grape Stomper.,"Jet Fuel Gelato is a hybrid weed strain made from a genetic cross between  High Octane and Jet Fuel. Jet Fuel Gelato is 24% THC, making this strain an ideal choice for experienced cannabis consumers. Leafly customers tell us Jet Fuel Gelato effects include arousal, focus, and feeling uplifted. Medical marijuana patients often choose Jet Fuel Gelato when dealing with symptoms associated with depression, stress, and anxiety. Bred by Compound Genetics, Jet Fuel Gelato features flavors like violet, flowers and diesel. The dominant terpene of this strain is limonene.",,"Grape Gas is a potent cannabis strain created by crossing Grape Pie and Jet Fuel Gelato, combining relaxing and uplifting effects. The strain offers sweet, sour grape aromas from Grape Pie, with a diesel and floral kick from Jet Fuel Gelato. Grape Gas delivers a euphoric high that starts with an energetic lift before settling into a relaxed, stress-relieving calm.","Grape Gas delivers an energizing lift that gently fades into a relaxing, stress-melting calm. It combines the sweet, sour grape aroma of Grape Pie with a diesel and earthy punch from Jet Fuel Gelato. Perfect for those seeking a boost of euphoria while unwinding, this strain offers the best of both worlds.",,,,,,
,EFFECTS,,EFFECTS,EFFECTS,,EFFECTS,EFFECTS,,,,,,
,,,,,,,,,,,,,
,LA KUSH CAKE,,,,,,,,,,,,
,,,Wedding Cake ,Kush Mints,,,,,,,,,
,,,"Wedding Cake, also known as ""Triangle Mints #23,"" is a potent type of indica-hybrid marijuana strain made by crossing Triangle Kush with Animal Mints. Fun fact: In Canada, this strain is known as Pink Cookies. The Wedding Cake strain provides relaxing and euphoric effects that calm the body and mind. This strain yields a rich and tangy flavor profile with undertones of earthy pepper. Medical marijuana patients choose Wedding Cake to help relieve symptoms associated with pain, insomnia and appetite loss. Consumers with a low THC tolerance should enjoy this strain with an extra slice of care due to its high THC content. Wedding Cake has soared in popularity over the years and was named Leafly Strain of the Year in 2019.","Kush Mints is a hybrid weed strain made from a genetic cross between Animal Mints and Bubba Kush. This strain is 50% sativa and 50% indica. Kush Mints is a potent and flavorful strain that has a minty and cookie-like aroma and flavor, with hints of gas and pine. It has a balanced high that is both relaxing and euphoric, with a pleasant body buzz and a creative mind. Kush Mints is 28% THC, making this strain an ideal choice for experienced cannabis consumers. Leafly customers tell us Kush Mints effects include feeling relaxed, euphoric, and aroused. Medical marijuana patients often choose Kush Mints when dealing with symptoms associated with anxiety, stress, and depression. Bred by Mr. Nice Seeds, Kush Mints features flavors like mint, menthol, and pine. The dominant terpene of this strain is limonene",,"LA Kush Cake is a powerful cannabis strain born from the cross of Wedding Cake and Kush Mints, blending sweet, earthy flavors with a minty twist. The strain delivers a balanced high that’s both relaxing and euphoric, with the calming effects of Wedding Cake paired with the creative buzz of Kush Mints. It boasts a sweet, minty aroma with hints of cookies, pine, and gas, creating a unique and flavorful experience. With its high THC content, LA Kush Cake is perfect for experienced users seeking relief from stress, anxiety, or pain.","LA Kush Cake: an indica dominant hybrid fusion of Wedding Cake and Kush Mints; its high is a perfect blend of relaxation and euphoria. The combination of a minty scent, creamy flavor, and earthy, piney undertones create a one-of-a-kind experience. This strain is perfect for easing stress or pain, providing soothing relief without dullness boosting the experience with a spark of creativity.
",,,,,,
,EFFECTS,,EFFECTS,EFFECTS,,EFFECTS,EFFECTS,,,,,,
,,,,,,,,,,,,,
,Wedding Cake,,,,,,,,,,,,
,,,,,,,,,,,,,
,,,,,,"Wedding Cake, also known as ""Triangle Mints #23,"" is a potent type of indica-hybrid marijuana strain made by crossing Triangle Kush with Animal Mints. Fun fact: In Canada, this strain is known as Pink Cookies. The Wedding Cake strain provides relaxing and euphoric effectsthat calm the body and mind","Wedding Cake is a beloved indica-hybrid strain celebrated for its potent effects. Known as ""Triangle Mints #23,"" it’s a cross between Triangle Kush and Animal Mints, offering a rich lineage. In Canada, this strain goes by ""Pink Cookies"". With its relaxing and euphoric effects, Wedding Cake soothes both body and mind, making it a favorite for unwinding in style.





",,,,,,
,EFFECTS,,EFFECTS,EFFECTS,,EFFECTS,EFFECTS,,,,,,
,,,,,,,,,,,,,
,MOTOR BREATH,,,,,,,,,,,,
,,,Chem Dawg,SFV OG,,,,,,,,,
,,,"Chemdawg, officially named ""Chemdog,"" is a hybrid marijuana strain grown and spread by the breeder Chemdog since 1991. In a Leafly interview, Chemdog relates how Chemdog came from what was thought to be Northern California bag seed, via a Colorado Grateful Dead concert. Chem 91, Chem 4, and Chem Sis are all variations on Chemdog. The original name Chemdog came from two names for the same bud ""Chem"" and ""Dog bud."" Chemdog evolved into the variation 'Chemdawg' over time and distance as other growers and breeders propagated it, with the latter name becoming more dominant. Leafly customers tell us Chemdawg effects include feeling euphoric, uplifted, and creative. Medical marijuana patients often choose Chemdawg when dealing with symptoms associated with stress, anxiety, and pain. Chemdog is a staple strain in cannabis and may be a source of powerhouse strains like Sour Diesel and OG Kush, Chemdog is known for its distinct, diesel-like aroma. Pungent and sharp, you’ll be able to smell this strain from a mile away. Cannabis newbies be warned: Chemdog tends to be very potent. Consumers can expect to have a cerebral experience, coupled with a strong heavy-bodied feeling. ","SFV OG, also known as ""San Fernando Valley OG,"" ""San Fernando Valley Kush,"" and ""San Fernando Valley"" is a sativa-dominant hybrid marijuana strain from Cali Connection that is great for patients who need strong pain relief but don’t want to be stuck on the couch. As the name indicates, this OG Kush relative originates from California’s San Fernando Valley. Although their names are barely distinguishable, SFV OG Kush is actually the Afghani-crossed child to SFV OG. Leading with aromatic notes of earthy pine and lemon, its body effects take a little longer to feel than the initial head haziness.",,"Motor Breath is a potent cannabis strain created by crossing Chemdawg and SFV OG, combining the best of both parent strains. It delivers a powerful, uplifting high with a strong cerebral effect from Chemdawg, while SFV OG adds a relaxing body buzz without leaving you couch-locked. The strain is known for its pungent, diesel-like aroma from Chemdawg, along with earthy, piney notes and a touch of citrus from SFV OG. With its high THC content, Motor Breath is perfect for experienced users seeking relief from pain, stress, and anxiety while staying functional.","Motor Breath, a hybrid cross of Chemdawg and SFV OG, delivers uplifting euphoria and relaxing body effects. Its diesel aroma with earthy pine and citrus notes offer fast relief from stress and pain while keeping you clear-headed. Perfect for a balanced, functional high without the couch-lock.",,,,,,
,EFFECTS,,EFFECTS,EFFECTS,,EFFECTS,EFFECTS,,,,,,
,,,,,,,,,,,,,
,GELATO 45,,,,,,,,,,,,
,,,Chem Dawg,SFV OG,,,,,,,,,
,,,,,,Gelato 45 is a hybrid marijuana strain made by crossing Girl Scout Cookies and Sherbet. Gelato 45 has a sweet flavor profile with subtle hints of earthy pine. Gelato 45 is a fan favorite because of its mood-boosting abilities that pair great with social activities. Those who smoke this strain often say it tends to bring on fits of the giggles. Medical marijuana patients choose Gelato 45 for relieving symptoms related to depression and anxiety.,"Gelato 45 is an indica-leaning hybrid strain created by crossing Girl Scout Cookies with Sherbet. It features a sweet flavor profile with subtle earthy pine undertones. Known for its uplifting effects, this strain is great for social occasions and often leads to fits of laughter. Medical patients frequently use Gelato 45 to alleviate symptoms of anxiety and depression.",,,,,,
,EFFECTS,,EFFECTS,EFFECTS,,EFFECTS,EFFECTS,,,,,,
,,,,,,,,,,,,,
,Jack Herer,,,,,,FINAL,,,,,,
,"Jack Herer, also known as ""JH,"" ""The Jack,"" ""Premium Jack,"" and ""Platinum Jack"" is a sativa-dominant marijuana strain that captures both cerebral elevation and heavy resin production. Jack Herer’s effects include feeling energetic, creative, and uplifted. However, consumers typically describe this 55% sativa hybrid as blissful, clear-headed, and creative. this spicy, pine-scented strain has taken home numerous awards for its quality and potency.Jack Herer, also known as ""JH,"" ""The Jack,"" ""Premium Jack,"" and ""Platinum Jack"" is a sativa-dominant marijuana strain that has gained as much renown as its namesake, the marijuana activist and author of The Emperor Wears No Clothes. Combining a Haze hybrid with a Northern Lights #5 and Shiva Skunk cross, Sensi Seeds created Jack Herer hoping to capture both cerebral elevation and heavy resin production. Its rich genetic background gives rise to several different variations of Jack Herer, each phenotype bearing its own unique features and effects. Leafly reviewers tell us that Jack Herer’s effects include feeling energetic, creative, and uplifted. However, consumers typically describe this 55% sativa hybrid as blissful, clear-headed, and creative. Jack Herer was created in the Netherlands in the mid-1990s, where it was later distributed by Dutch pharmacies as a recognized medical-grade strain. Since then, this spicy, pine-scented strain has taken home numerous awards for its quality and potency.Feelings:
Focused
.Energetic
.Creative

Helps with:
Stress
.Anxiety
.Depression",,  ,,,,"Jack Herer is a sativa-dominant strain, created by crossing a Haze hybrid with Northern Lights #5 and Shiva Skunk. It offers a spicy, pine aroma and delivers an energetic, creative, and uplifting high. Known for its clear-headed effects, Jack Herer helps boost focus while easing stress, anxiety, and depression.",,,,,,
,,,,,,,,,,,,,
,Tropicana Cherry,,Tropicana Cookies,Cherry Cookies,,,FINAL Trop CHerry DESCRIPTION,,,,,,
,"Tropicana Cherry, also known as “Tropiccana Cherry” or “Cherry Tropicana,” is a slightly sativa dominant hybrid strain (60% sativa/40% indica) created through crossing the infamous Tropicana Cookies X Cherry Cookies strains. Love a super heavy flavor? Tropicana Cherry is the bud for you. This lovely lady packs flavors of sweet and sour citrus wrapped up with overly ripe cherries and earthy nuttiness, intensifying in fruitiness the more that you toke. The aroma is similar, although heavier and sourer in nature with a sharp citrus overtone that will leave your eyes wide open. The Tropicana Cherry high is just as vibrant, with effects that will have you feeling energized, up and moving whether it's handling chores at home or hiking in the great outdoors with friends. You'll feel euphoric with an overall cerebral stimulation that gets your mind moving as it shakes off any negative thoughts. These bright and cheerful effects accompanied by its 16-21% average THC level make Tropicana Cherry ideal for treating chronic stress or anxiety, mood swings, depression and chronic fatigue. This bud has oversized rounded forest green nugs with deep purple undertones, light amber hairs and tiny frosty white crystal trichomes.",,"Tropicana Cookies is a sativa dominant hybrid strain created through a cross of the infamous Girl Scout Cookies X Tangie strains. Searching for an insanely delicious flavor that will have you practically begging for more? You've found it with Tropicana Cookies. This bright bud packs a super delicious sour citrus high with a slightly sweet cookie exhale. The aroma is of earthy pine and sour spice with a heavy orange overtone that turns slightly pungent as the nugs are burned. The Tropicana Cookies high is just as eye-opening as the flavor, with long-lasting effects that will get you up off the couch and moving in no time at all. You'll feel an energetic onset at the start of the high, filling both mind and body with tingly happiness and a sense of creative motivation. A touch of relaxation comes next, leaving your physical state calm while your mind soars higher and higher into the stratosphere. Thanks to these daytime effects and its high 21-28% average THC level, Tropicana Cookies is said to be perfect for treating those suffering from conditions such as depression, nausea or appetite loss, mood swings and chronic stress or anxiety. This bud has heaert-shaped minty green nugs with dark purple undertones, lots of thin amber hairs and a coating chunky dark purple-tinted crystal trichomes.","Cherry Cookies is an indica dominant hybrid strain created through crossing the classic Cherry Pie X Girl Scout Cookies #2. Although hard to come by in your average market, Cherry Cookies is one bud that you'll have to try for its amazing flavor! Cherry Cookies has a taste that's remarkably like its name, with a nutty overtone accented by fresh cherries and berries. The aroma takes a pungent earthy turn, bringing in skunky florals and rich sweet berries. Cherry Cookies buds have small round forest green nugs with light amber hairs and a coating of tiny amber colored crystal trichomes. The Cherry Cookies high is much like what you would expect from a Girl Scout Cookies descendant, with euphoric effects accompanied by a relaxing body buzz. It starts with a mood boost that lifts your spirits and leaves you feeling happy with a sense of creative energy. As this effect starts to mellow, a slightly tingly body high will wash over you, relaxing your entire physical form without causing couch-lock. However, you'll feel pretty lazy in this state and not likely to move. With these effects and its high 14-23% THC level, Cherry Cookies is perfect for treating chronic pain, appetite loss, nausea, and cramps.",,"Tropicana Cherry, a cross of Tropicana Cookies and Cherry Cookies, offers a blend of sweet citrus, ripe cherries, and earthy nuttiness. Its aroma features a sharp citrus overtone with a pungent, sour-sweet profile. With its vibrant, frosty buds and deep purple undertones, it is perfect for treating anxiety, mood swings, and fatigue. Expect a euphoric, cerebral high that gets your mind moving and helps shake off any negative thoughts, leaving you energized and uplifted.","Tropicana Cherry, a Sativa Dominant cross of Tropicana Cookies and Cherry Cookies; it offers a blend of sweet citrus, ripe cherries, and earthy nuttiness. With its frosty buds and deep purple undertones, expect a euphoric, cerebral high that gets your mind moving and helps shake off any negative thoughts, leaving you energized and uplifted.",,,,,,
,,,,,,,,,,,,,
,EFFECTS,,EFFECTS,EFFECTS,,EFFECTS,EFFECTS,,,,,,
,GUSH MINTZ,,Kush Mints,Gushers,f1 Durbs,,FINAL GUSH MINTZ DESCRIPTION,,,,,,
,,,"Kush Mints is a hybrid weed strain made from a genetic cross between Animal Mints and Bubba Kush. This strain is 50% sativa and 50% indica. Kush Mints is a potent and flavorful strain that has a minty and cookie-like aroma and flavor, with hints of gas and pine.","This Indica-Dominant hybrid's aroma is a wonderful blend of sweet and slightly sour tropical fruits, with fresh, earthy herbal tones. Initially the Gusher high is very invigorating, then it's sedating.","F1 Durb is a closely held, mysterious hybrid made by Bay Area breeder Jigga, who used it to make GSC. It is a reported cross of his own ""F1"" and Durban. F1 Durb is closely held, and generally not for sale, or used in breeding. Jigga also crossed F1 Durb to GDP to make Cherry Pie.",,"Gush Mintz, crafted from the blend of Kush Mints, Gusher, and F1 Durb, offers a delightful aroma of minty cookie notes with sweet & sour tropical fruits and a touch of gas & earthy herbal undertones. Its effects are uplifting & energizing, gradually easing into a deeply relaxing body high.",,,,,,
,,,,,,,,,,,,,
,Banana Punch,,,,,,,,,,,,
,Banana Punch,,Banana OG,Purple Punch,,,FINAL,,,,,,
,"Banana Punch is an evenly balanced hybrid marijuana strain made by crossing Banana OG with Purple Punch. This strain produces sedating effects that can be felt from head-to-toe. Banana Punch tastes like hazey berries with notes of freshly cut pineapple and of course, bananas. Conumers say this strain is a ""creeper strain"", which means the high will come on slower than you might expect, so take it easy with this one until you know how it effects your body. Growers say Banana Punch flowers into nugs that are cakey and covered in a heavy layer of purple and orange trichomes. Medical marijuana patients choose this strain to help relieve symptoms associated with anxiety, appetite loss and stress.",,"Banana OG is an indica-dominant cross of OG Kush and Banana. With a smell and flavor of overripe bananas, this hybrid definitely earns its name. Banana OG has has a reputation as a creeper, leaving those who over-imbibe in a near comatose state before intense hunger and sleepiness set in. Patients treating muscular pain, appetite loss, and insomnia may benefit from Banana OG.","Purple Punch is the sweet and sedating union of two indica-dominant classics. By breeding Larry OG with Granddaddy Purple, the astonishing trichome laden Purple Punch was born, smelling of grape candy, blueberry muffins, and tart Kool-Aid. The potency of this strain gives the consumer a one-two punch to the head and body, initially landing between the eyes and settling down into the limbs. Purple Punch is a delicious dessert strain that is best suited for after dinner. Its effects may help with managing nausea, stress, minor body aches, and sleeplessness.",,"The fusion of Banana OG and Purple Punch creates a deeply relaxing indica hybrid with a delectable flavor profile. This offspring strain combines the sweet, fruity notes of overripe bananas with the rich, dessert-like aromas of grape candy and blueberry muffins. The effects come on gradually, easing you into a state of full-body relaxation that’s perfect for unwinding at the end of the day. Expect a potent high that soothes both mind and body, making it ideal for managing stress, minor aches, and insomnia, while also satisfying any late-night cravings with its mouthwatering flavor.","Banana Punch is a balanced hybrid created by crossing Banana OG and Purple Punch. It has a smooth, fruity flavor with hints of hazy berries, pineapple, and bananas. The high is relaxing and sedating, gradually building to a full-body calm that can ease anxiety, stress, and boost appetite. This strain is perfect for unwinding, but be mindful of its slow onset and potent effects.",,,,,,
,,,,,,,,,,,,,
,Permanent Marker,,,,,,,,,,,,
,,,,,,,FINAL,,,,,,
,"Permanent Marker is an indica dominant hybrid strain created through crossing the delicious Biscotti X Jealousy X Sherbet BX strains. This three-way cross is the perfect daytime strain to help you kick back and relax on a lazy afternoon without a care in the world. the strain fuses several well-established cultivars: (Biscotti x Sherb Bx) x Jealousy. It can smell like a permanent marker. Others note its floral, soapy, candy, and gassy funk that fully translate into the taste. It has a lingering, pungent flavor of a soapy funk with a hint of candy and floral gas tones. The potent strain smells amazing, and can support creativity or relaxation day and night. Just be careful—it's strong.Feelings:
Tingly
.Relaxed
.Talkative

Helps with:
Anxiety
.Depression
.Stress",,,,,"Permanent Marker is an indica-dominant hybrid created by crossing Biscotti, Jealousy, and Sherbet BX. This strain is perfect for relaxing on a lazy afternoon, offering a smooth balance of creativity and calm. It has a unique aroma that blends floral, soapy, candy, and gassy notes, with a pungent, lingering flavor. Known for its tingly, relaxed effects, Permanent Marker can help ease anxiety, stress, and depression while leaving you feeling talkative and carefree.","Permanent Marker is made by crossing Biscotti, Jealousy, and Sherbet BX. It’s great for relaxing, boosting both creativity and calm. With its unique blend of floral, soapy, candy, and gassy notes, along with a pungent, lingering taste, this strain helps ease anxiety, stress, and depression, leaving you feeling relaxed and talkative.",,,,,,
,,,,,,,,,,,,,
,Cherry Runtz,,,,,,,,,,,,
,,,,,,,FINAL,,,,,,
,"Cherry Runtz is a hybrid weed strain made by crossing Runtz and Cherry Pie, with the big, beautiful purple buds to match. The effects of Cherry Runtz are believed to be euphoric and tingly. Reviewers on Leafly say Cherry Runtz makes them feel aroused, giggly, and sleepy. Cherry Runtz has 17% THC and 1% CBG. The dominant terpene in this strain is limonene, with a lavender aroma and flavors of berry and rose. Medical marijuana patients say they buy this strain when mitigating symptoms of anxiety, depression, and insomnia. The original breeder of Cherry Runtz is Elev8 Seeds.Feelings:
Giggly
.Aroused
.Relaxed

Helps with:
Anxiety
.Depression
.Insomnia",,,,,"Cherry Runtz is a beautiful hybrid, crossing Runtz and Cherry Pie to create stunning purple buds with a delightful aroma. Its effects are euphoric and tingly, leaving you feeling giggly, aroused, and deeply relaxed. The strain has a lovely lavender scent with hints of berry and rose, making it as enjoyable to smell as it is to smoke. Cherry Runtz is perfect for unwinding, helping to ease anxiety, depression, and insomnia while delivering a smooth, feel-good high.","Cherry Runtz is a colorful cross of Runtz and Cherry Pie, featuring beautiful purple buds. It offers euphoric effects that leave you feeling giggly, relaxed, and aroused. With a lavender aroma and hints of berry and rose, Cherry Runtz is great for easing anxiety, depression, and insomnia while delivering a smooth, uplifting high.",,,,,,
,,,,,,,,,,,,,
,Peanut Butter Souffle,,,,,,,,,,,,
,,,,,,,,,,,,,
,"PB Souffle, also called Peanut Butter Souffle, is a hybrid cannabis strain made from a genetic cross between Dosidos and Lava Cake. PB Souffle has 19% THC, making this strain an ideal choice for experienced cannabis consumers. Leafly customers tell us PB Souffle’s effects include tingly, euphoric, and giggly. Medical marijuana patients often choose PB Soufflewhen dealing with symptoms associated with stress, depression, and pain. Bred by a collaboration of Phinest and Cannarado, PB Souffle features flavors like nutty, butter, and chestnut. The dominant terpene of this strain is myrcene. Feelings:
Tingly
.Relaxed
.Euphoric

Helps with:
Anxiety
.Pain
.Stress",,,,,,"PB Souffle, also known as Peanut Butter Souffle, is a strain created by crossing Dosidos and Lava Cake. With its nutty, buttery, and chestnut flavors, it offers a smooth, enjoyable taste. The effects are tingly, euphoric, and relaxing, making it ideal for unwinding. It’s often used to help with anxiety, pain, and stress, providing a calming, feel-good high.", ,,,,,
,,,,,,,  ,,,,,,
,Hash Burger,,,,,,,,,,,,
,,,han solo hash plant,double burger,,,,,,,,,
,"Hash Burger is a slightly indica dominant hybrid strain (60% indica/40% sativa) created through crossing the iconic Han Solo Hash Plant X Double Burger strains. Named for its celebrity parentage and bold flavor, Hash Burger is a great balanced option for any indica lover. This bud packs a sweet yet super spicy lemony hash taste accented by a touch of woody pine and fresh flowers. The aroma is just as delicious, although it does take the spicy level up a notch or five. The Hash Burger high will come burning through a few seconds after your final exhale, working through your brain first before taking on the rest of your body. You'll find your spirits lifted as your mind is filled with a happy euphoria that instantly edges out any bad moods or negative thoughts. A physical relaxation comes next, seeping into your body and leaving you feeling pretty couch-locked and super sleepy at times. With these effects and its super high 27% average THC level, Hash Burger is often said to be perfect for treating a variety of conditions including insomnia, depression or mood swings, chronic stress or PTSD and appetite loss. This bud has dense spade-shaped forest green nugs with bright amber undertones, thin hairs and chunky matching trichomes.",,"Han Solo Hashplant, also known as “Han Solo Hash Plant” or “Han Solo HP,” is an indica dominant hybrid strain (70% indica/30% sativa) created through crossing the potent Han Solo Burger X Black Triangle Kush strains. A delectably potent indica with a classic flavor, Han Solo Hashplant is a great choice for anyone looking for a soothing, calming nighttime high. The high settles in with a creeping build, slowly working its way through both mind and body before suddenly taking hold. You'll suddenly feel lifted and euphoric, filled with a boost in creativity and sociability that's perfect for getting you chatting in any social situation. A giggly sense comes next, which can have you laughing uncontrollably at anything around you for any reason at all. A relaxing body high rounds out the effects, helping your physical form settle down into a state of pure calm and ease. Combined with its high 20-30% average THC level, these effects make Han Solo Hashplant a great choice for experienced patients suffering from chronic pain, insomnia, depression or mood swings, chronic stress and appetite loss. This bud has a spicy vanilla and woody pine flavor with a pungent dank aroma to go with it. Han Solo Hashplant buds have pepper-shaped minty green nugs with purple leaves, thick reddish-orange hairs and chunky amber-tinted white crystal trichomes.","Double Burger is an indica dominant hybrid strain (70% indica/30% sativa) created through crossing the delicious GMO X GMO BX strains. Best known for its mouthwatering flavor and super potent high, Double Burger is a great choice for any experienced indica lover. Don't let the name of this bud fool you - Double Burger doesn't actually taste like a burger. Rather, it has a classic lemony pine taste with hints of spicy black pepper and rich earthy herbs. The aroma follows the same profile, with an earthy herbal overtone accented by a punch of PineSol and hints of spicy black pepper. The Double Burger high will wash over you in one giant wave of relaxation, suddenly pulling both mind and body into a slightly sedated state of pure ease and happiness. You'll feel your mind lifted into a state of blissful calm that has you also feeling a little bit of creative inspiration. At the same time, your body will be washed clean of any aches or pains, allowing you to stretch out and fully kick back on the couch or in bed before you finally get to sleep. Thanks to these effects and its super high 27% + average THC level, Double Burger is often chosen by experienced patients to treat conditions such as chronic stress, appetite loss or anorexia, depression, chronic pain and insomnia. This bud has dense oversized spade-shaped emerald-green nugs with golden undertones, thin orange hairs and chunky golden-white crystal trichomes","Han Solo Burger is a indica dominant hybrid strain created through crossing the powerful GMO Cookies X Larry OG strains. Weird name aside, Han Solo Burger is actually one of the most highly sought-after indica dominant on the market, with a sturdy grow structure and super lifting high. This bud has super dense heart-shaped bright neon green nugs with thick burnt orange hairs and a coating of chunky frosty white crystal trichomes. As you pull apart each sticky little nugget, aromas of pungent herbs and spicy woods are released, intensifying as the nugs are burned away. The flavor follows the same profile, with a sweet yet spicy pine overtone that's accented by rich fresh earth. The Han Solo Burger settles in soon after your final toke, starting first in the head before spreading throughout the rest of the body in calming, warming waves. You'll feel totally at ease in this state, fading in and out of focus as an expansive sense of tranquility settles into your very bones. In combination with its super high 26-31% average THC level, these effects make Han Solo Burger perfect for treating those suffering from conditions such as chronic stress or anxiety, PTSD, depression and spasticity.",,"Hash Burger is an indica-dominant hybrid made by crossing Han Solo Hash Plant with Double Burger. Its bold flavor blends spicy lemon hash, woody pine, and floral notes, with a rich, intense aroma. Bringing an uplifting mental high that clears negative thoughts, followed by deep physical relaxation that can lead to couch-lock and a restful sleep, Hash Burger's calming effects are perfect for unwinding and relief from insomnia, chronic stress, PTSD, and mood swings.",,,,,,
,EFFECTS,,EFFECTS,EFFECTS,,EFFECTS,EFFECTS,,,,,,
,,,,,,,,,,,,,
,Rainbow Cadillac,,,,,,,,,,,,
,,,,,,,,,,,,,
,"Cadillac Rainbows, also known as “Cadillac Rainbow,” “Cadillac Rainbowz” or “Rainbow Cadillac,” is an indica dominant hybrid strain (70% indica/30% sativa) created through crossing the potent Pure Michigan X Runtz strains. Named for its gorgeous appearance and heavy stench, Cadillac Rainbows is the perfect tasty treat to help you settle down after a stressful day. This bud has eye-catching oversized and fluffy, conical dark olive green nugs adorned with vibrantly purple undertones, thin reddish-orange hairs and a frosty coating of sparkling, chunky blue-tinted white crystal trichomes. As you break apart each rainbow little nugget, you'll experience aromas of pungent diesel accented by sweet, citrusy lemon and fruity cherries dancing through the air. The flavor is even sweeter, with a sugary cherry taste accented by sour, lemony candies and fresh flowery herbs. The Cadillac Rainbows high will hit you fairly quickly, filling you with a subtle build of lifted effects that leave you with a big smile on your face and feeling totally euphoric. As your mind lifts higher and higher, your body will begin to settle down into a deep place of relaxation that has you ready to kick back in a state of calm. Combined with its insanely high 37-39% average THC level, these effects make Cadillac Rainbows a great option for treating a variety of conditions including chronic stress or anxiety, depression or mood swings, chronic pain, appetite loss or nausea and inflammation.",,,"Pure Michigan is a rare indica dominant hybrid strain (70% indica/30% sativa) created through crossing the potent Oreoz X Mendo Breath F2 strains. Infamous for its super high level of potency, Pure Michigan is one delicious bud that will leave any indica lover feeling totally satisfied in both mind and body. This bud has a sweet and slightly spicy nutty chocolate flavor with a lightly creamy vanilla exhale. The aroma is very similar, with a sweet mocha coffee overtone accented by touches of earthy pungency and spicy nuttiness. The Pure Michigan high is just as delicious, with calming and soothing effects that will leave you feeling happy and lifted for hours on end. You'll feel happy and creative in this state, socially inspired and ready to carry on conversations with anyone and everyone around you with ease. A calming body high accompanies this heady lift, leaving you feeling fully relaxed from head to toe and slightly sleepy at times. In combination with its high 20% + average THC level, these effects make Pure Michigan a great choice for treating conditions such as depression, chronic stress, eye pressure or glaucoma, insomnia and headaches or migraines. This bud has fluffy grape-shaped olive green nugs with purple undertones, thin red-orange hairs and a coating of tiny purple-tinted white crystal trichomes.","Runtz is an evenly balanced hybrid strain (50% indica/50% sativa) created through a delicious cross of the infamous Zkittlez X Gelato strains. Named for the iconic candy, Runtz brings on a super delicious fruity flavor with tropical citrus and sour berries galore. The aroma is very similar, although with a sharp spicy pineapple effect that turns slightly pungent as the sticky little nugs are broken apart and burned. The Runtz high comes roaring in a few minutes after your final toke, first hitting your head with a calming lift before spreading its tingly tendrils throughout the rest of your body. As the Runtz high expands, you'll begin to feel a deeply calming effect spread through your limbs, leaving you totally sedated and couch-locked, immovable for hours and hours on end before you finally fall into a deep and peaceful sleep. Thanks to these effects and its super high 19-29% average THC level, Runtz is often said to be perfect for treating conditions such as insomnia, chronic pain, appetite loss or nausea and chronic stress or anxiety. This bud has dense grape-shaped olive green nugs with thin orange hairs, dark purple undertones and a coating of frosty tiny white purple-tinted crystal trichomes.",,"Deez Nuts, also known as ""Cadillac Rainbows,"" is an indica-dominant hybrid created by crossing Pure Michigan and Runtz. With oversized, frosty, colorful buds and a bold aroma, this strain is perfect for unwinding after a stressful day. Its flavor profile blends pungent diesel gas, cherries, lemon, and flowery herbs. Offering deep physical relaxation, Deez Nuts is a popular choice for relieving anxiety, pain, appetite loss, nausea, and inflammation.",,,,,,
,EFFECTS,,EFFECTS,EFFECTS,,EFFECTS,EFFECTS,,,,,,
,,,,,,,,,,,,,
,Lavender Jack,,,,,,,,,,,,
,,,,,,,,,,,,,
,"Lavender Jack is an evenly balanced hybrid strain (50% indica/50% sativa) created through crossing the classic Jack Herer X Wookie #15 strains. The perfect flowery bud to help you settle in to a long day, Lavender Jack is filled to the brim with stoney effects and an amazing, borderline intoxicating flavor. The flavor of Lavender Jack is the perfect complement to its name, with a blend of flowery lavender, fruity cherries and sour, citrusy lemon-pine. The flavor is very similar, with a notably flowery lavender overtone accented by sweet fruity berries and spicy cherries. The Lavender Jack high will settle in quickly in the mind while taking its sweet time with your body. You'll feel mentally lifted from the start, infused with a heady bliss that leaves you grinning from ear to ear and unable to focus on much of anything at all. As your mind lifts higher and higher, a creeping body high will begin to sneak in, eventually locking you down to the couch with a super stoney sedation that can leave you ready to get dozing. Combined with its moderately high 15-18% average THC level, these effects make Lavender Jack a great choice for treating chronic pain, cramps or muscle spasms, depression, inflammation and chronic stress. This bud has oversized, spade-shaped dark olive green nugs with thick orange hairs and a layer of chunky, bright white crystal trichomes.",,"Jack Herer, also known as “The Jack,” “JH,” “Premium Jack” or “Platinum Jack” is a sativa dominant hybrid strain (80% sativa/20% indica) created through crossing the classic Haze X (Northern Lights #5 X Shiva Skunk) strains. One of the most famous buds on the planet, Jack Herer packs a lifted and energizing high that's perfect for a day when you need a little extra oomph to get up and moving. You'll feel the effects hit you almost as soon as you exhale, filling your brain with a lifted sense of clear-headed euphoria and motivation that's accented by a boost in creativity and focus. You'll find that conversations come easily in this state as you're inspired to talk about anything and everything from philosophy to your favorite foods. Combined with its high 15-24% average THC level, these effects make Jack Herer a great choice for treating chronic stress or anxiety, depression, headaches or migraines and chronic fatigue. This bud has a sweet and sour citrusy lemon flavor with a woody pine exhale. The aroma is said to be like Pine-Sol, with a lemony pine overtone accented by earthy herbs and spicy flowers. Jack Herer buds have oversized pepper-shaped bright neon green nugs with golden undertones, thick orange hairs and a coating of frosty golden-amber crystal trichomes.","Wookie is a rare indica dominant hybrid strain created through crossing the classic Big Buddy's Lavender with the potent Appalachia strain. This bud is not to be confused with the like-named Girl Scout Wookies, which is a completely different bud all of its own. Wookie is best known for its delicious flavor of sweet herbs and sharp mint. The aroma is very similar, with a dank earthy overtone accented by nutty sharp mint and spices. Wookie buds have fluffy piecey minty green nugs with long thin orange hairs and a super thick frosty coating of amber colored crystal trichomes. The Wookie high is very relaixing and lifted in nature, with long lasting effects that will leave you feeling completely at ease. You'll feel an onset of euphoria and deep-felt happiness at the onset that launches you into a state of mental relaxation and ease. As your mind soars into a slightly sedated state, your body will be hit with a sharp pang of hunger that leaves you reaching for anything edible in sight. Thanks to these effects and its high 15-17% average THC level, Wookie is said to be perfect for treating a variety of conditions including depression, insomnia, chronic stress, appetite loss, and nausea.",,,"Lavender Jack is a sativa strain from Jack Herer and Wookie #15, featuring dense, olive-green buds with orange hairs and frosty trichomes. Its flavors of lavender, cherries, and lemon-pine offer a refreshing and uplifting experience. Expect a clear, creative mental buzz that sparks focus and energy. Perfect for daytime use, Lavender Jack boosts mood, relieves stress, and keeps you motivated and active throughout the day.",,,,,,
,EFFECTS,,EFFECTS,EFFECTS,,EFFECTS,EFFECTS,,,,,,
,,,,,,,,,,,,,
,sour  Cream Pie,,,,,,,,,,,,
,,,ice cream Cake,Sherb BX1,,,,,,,,,
,"Sherb Cream Pie is an indica dominant hybrid strain (70% indica/30% sativa) created through crossing the delicious Ice Cream Cake X Sherb BX1 strains. This tasty bud packs a mouthwatering flavor and soothing, stoney high that will have you feeling like you don't have a care in the world. The flavor of Sherb Cream Pie is out of this world, with a sweet and creamy cake overtone accented by sour, citrusy lemon gelato and a hint of nuttiness. The aroma follows the same profile, although it does bring in touches of woody pine and spicy skunk, too. The Sherb Cream Pie high will settle in slowly, beginning with a droopy, weighty sense that fills your eyes and leaves them super red and droopy. A light relaxation comes next, gaining in potency the more that you toke, eventually leaving your mind totally stoned. A sleepy effect wraps everything up, so get ready to get dozing with this bud! Thanks to these effects and its super high 22-28% average THC level, Sherb Cream Pie is often chosen to treat a variety of conditions including eye pressure or glaucoma, chronic pain, headaches or migraines, chronic stress, insomnia and depression. This bud has oversized and fluffy spade-shaped emerald-green nugs with lots of thin orange hairs and tiny, golden-white crystal trichomes.",,"Ice Cream Cake is an Indica-dominant hybrid marijuana strain made by crossing Wedding Cake with Gelato #33. This strain offers sedating effects that leave your mind and body completely relaxed. Ice Cream Cake features a creamy flavor profile with sweet hints of vanilla and sugary dough. This strain is reported by medical marijuana patients and consumers to have calming effects that help with pain, sleep, and anxiety. Ice Cream Cake weed is ideal for night time use when you have nothing important to do except watch TV and fall asleep.","Sherb BX1 is a backcross of Sherbet and Sherbet x Animal Cookies BX2, combining the superior traits of the Sunset Sherbet strain. It has a sweet and creamy flavor profile with hints of mint and spice, and an enticing aroma of tropical fruit and earthy tones1. Sherbert, also known as “Sherbet,” is an indica-dominant hybrid created through a cross of Pink Panties and Girl Scout Cookies, with a flavor reminiscent of sherbet ice cream2.",,"Sherb Cream Pie is an indica-dominant hybrid strain (70% indica/30% sativa) created by crossing the flavorful Ice Cream Cake and Sherb BX1 strains. This delicious bud offers a mouthwatering flavor profile and a soothing, stoney high that leaves you feeling carefree and relaxed.

The flavor of Sherb Cream Pie is truly exceptional, with a sweet, creamy cake base complemented by sour, citrusy lemon gelato and a touch of nuttiness. The aroma mirrors this profile, but also includes hints of woody pine and spicy skunk.

The high from Sherb Cream Pie creeps in slowly, starting with a heavy, droopy sensation that fills your eyes and leaves them red and heavy. As you continue to smoke, a gentle relaxation sets in, gradually intensifying until your mind becomes fully stoned. This leads to a final sleepy effect, making it the perfect choice for those ready to drift off into slumber.

Thanks to its potent 22-28% average THC content, Sherb Cream Pie is often selected to help manage conditions like eye pressure or glaucoma, chronic pain, headaches or migraines, chronic stress, insomnia, and depression.

Visually, this strain boasts oversized, fluffy, spade-shaped emerald-green buds, adorned with thin orange hairs and a dusting of golden-white trichomes.
","Sour Cream Pie is a potent indica-dominant hybrid (70% indica/30% sativa) created by crossing Ice Cream Cake and Sherb BX1. It delivers a sweet, creamy cake flavor with hints of lemon gelato, nuttiness, and a touch of pine and skunk in the aroma. The high starts with a heavy, relaxing sensation that progresses into a stony, sleepy effect, making it ideal for winding down. With a THC content of 22-28%, it’s commonly used to treat conditions like chronic pain, migraines, insomnia, and stress.

Shorter version: Sour Cream Pie is a 70/30 indica-dominant hybrid (Ice Cream Cake x Sherb BX1) with dense, frosty buds in shades of deep green and purple. Its sweet, creamy cake flavor is layered with lemon gelato, nuts, pine, and skunk. With 22-28% THC, it delivers a heavy, body-melting high that eases into deep relaxation—ideal for pain, migraines, insomnia, and stress relief.
",,,,,,
,EFFECTS,,EFFECTS,EFFECTS,,EFFECTS,EFFECTS,,,,,,
,,,,,,,,,,,,,
,Bob Hope,,,,,,,,,,,,
,,,Super Lemon Haze,Durban Biscotti,,,,,,,,,
,,,"Super Lemon Haze, sometimes called ""SLH,"" is a sativa-dominant hybrid marijuana strain of Lemon Skunk and Super Silver Haze and two time Cannabis Cup winner from Green House Seeds. Super Lemon Haze is a kief-caked multi-colored wonder. As the name states this strain has real lemony characteristics. The smell is zesty, citrusy, and a little sweet. As for the taste, it's everything one would expect from the namesake; tart and sweet like lemonheads candy - not quite as sharp as one might expect. The effects are uniquely energetic and lively, may not be the best strain for those of us that are naturally wound-up tight.","Durban Biscotti is a sativa weed strain made from a genetic cross between Durban Poison and Biscotti Dough. Durban Biscotti is 40% THC, making this strain an ideal choice for experienced cannabis consumers. Bred by Northern Harvest, the average price of Durban Biscotti typically ranges from $10-$15 per gram. We are still learning about Durban Biscotti’s effects, flavors, and medical uses. If you've smoked, dabbed, or consumed Durban Biscotti, please tell us about your experience by leaving a strain review.",,"Bob Hope is a sativa-forward powerhouse born from Super Lemon Haze and Durban Biscotti. Expect an electrifying rush of citrus zest and sugary dough, layered with earthy spice and a whisper of mint on the exhale. The high kicks off with clear-headed euphoria and creative drive, making it a great pick for daytime adventures or social energy boosts. Potent and flavorful, this strain is best suited for experienced consumers looking to elevate without the crash.",,,,,,,
,Blue dream ,,,,,,"Blue Dream delivers a smooth, balanced high that starts with an uplifting cerebral buzz and gently settles into a soothing body relaxation. This sativa-dominant hybrid (a cross between Blueberry and Haze) is known for sparking creativity, enhancing mood, and offering a gentle euphoria without being overwhelming. Many describe it as a “clear-headed” high—great for daytime use or social settings. As the effects deepen, a calming body sensation kicks in, easing tension without heavy sedation. Ideal for both new and experienced consumers, Blue Dream offers the best of both worlds: mental invigoration and physical ease.",,,,,,
