product_name,category,strain_1,strain_2,strain_3,strain_1_description,strain_2_description,gpt_description,gpt_description_short,effects
GLITTER BOMB,Flower,GRAPE GASOLINE,Blueberry Headband,,"Dank blueberry, grapes, and gas, plus a dazzling look describes Compound Genetics’ 2022 strain Glitter Bomb. Influential grower NorCal IC Mag and Compound crossed Grape Gas #10 to OGKB Blueberry Headband and selected a flawless pheno for 2022. It’s loud, big, blingy, dark, and dramatic-looking, with maximum-THC, indica hybrid effects that’ll sit you down and stoke up some hunger. Watch out for all of Compound’s Grape Gas crosses including GastroPop—they’ve tapped into a gusher.","Grape Gasoline is an indica-dominant hybrid weed strain made by crossing Grape Pie with Jet Fuel Gelato. The effects of Grape Gasoline are more calming than energizing. Consumers who have smoked this strain say it makes them feel uplifted, energetic, and euphoric. Grape Gasoline is best enjoyed during the afternoon or early evening hours. In terms of flavor, you can expect pungent grape notes with a hint of diesel. Grape Gasoline is 25% THC, making it an ideal strain choice for experienced cannabis consumers. The dominant terpenes in Grape Gasoline are myrcene followed by caryophyllene and limonene. The original breeder of this strain is Compound Genetics. Weed strains similar to Grape Gasoline include Desert Lime, Pancakes, and Nigerian Silver.","GLITTER BOMB is a potent indica-dominant hybrid that masterfully blends the best of Grape Gasoline and Blueberry Headband. This strain delivers a deeply calming experience, ideal for evening relaxation. Consumers often report feeling euphoric and uplifted, with a gentle surge of energy that gradually mellows into a serene, blissful state. Blueberry Gas boasts a rich flavor profile, combining the sweet, fruity notes of blueberries with the pungent, earthy diesel undertones inherited from Grape Gasoline. With THC levels around 20-25%, this strain is suited for experienced users seeking a balanced yet powerful high. The dominant terpenes include myrcene, caryophyllene, and limonene, contributing to its complex aroma and therapeutic effects. Whether you're winding down after a long day or looking for a creative boost, Blueberry Gas offers a versatile and delightful experience.","Glitter Bomb is a potent indica-dominant hybrid combining Grape Gasoline and Blueberry Headband. Ideal for evening relaxation, it delivers a euphoric, uplifting high that mellows into a serene state. With a rich flavor profile of sweet blueberries and earthy diesel, making it perfect for experienced users. Dominant terpenes myrcene, caryophyllene, and limonene add to its complex aroma and therapeutic benefits.","Tingly ,Giggly ,Euphoric | Euphoric ,Uplifted ,Relaxed | Uplifted ,Giggly ,Talkative | Tingly ,Giggly ,Euphoric"
BLACK CHERRY GELATO,Flower,ACAI BERRY GELATO,Black Cherry Funk,BLACK CHERRY GELATO FINAL,"Black Cherry Gelato is a hybrid weed strain made by crossing Acai with Black Cherry Funk. The effects of Black Cherry Gelato are more calming than energizing. Reviewers on Leafly who have smoked this strain say it makes them feel aroused, hungry, and focused. Black Cherry Gelato is 22% THC making it an ideal choice for new and experienced cannabis consumers. The dominant terpene of Black Cherry Gelato is pinene, which is often associated with pine forest aromas. Reviewers tell Leafly this strain tastes like berries with sweet apricot undertones. Medical marijuana patients often buy this strain during mild episodes of depression, stress, and cramps.","Acai Berry Gelato effects are mostly energizing.
Acai Berry Gelato is a sativa-dominant hybrid cannabis strain made by crossing Thin Mint Cookies and Sunset Sherbet; it’s a gorgeous, deep purple plant dripping with trichomes. The effects of Acai Berry Gelato are believed to be energetic and focusing. Reviewers on Leafly say Acai Berry Gelato makes them feel happy, talkative, and uplifted. Acai Berry Gelato has as much as 32% THC. The dominant terpene is limonene, with a nose that is earthy, tropical citrus, and flavors of sweet cream and berries. Medical marijuana patients say they often buy this strain during episodes of ADHD. The original breeder of Acai Berry Gelato is Sherbinski.","This balanced hybrid strain merges the vibrant energy of Acai Berry Gelato with the relaxing body effects of Black Cherry Funk. Delivering an uplifting and focused cerebral high alongside a soothing, body-relaxing finish, it's perfect for those seeking therapeutic relief from chronic pain, stress, or fatigue. The flavor profile is a mix of sweet cream and berries, with undertones of fresh blueberries, tropical citrus, and a hint of licorice. Aromas of earthy, tropical fruits are complemented by floral lavender and pine notes, creating a sensory delight. Dominant terpenes include limonene and myrcene, contributing to its energizing yet calming effects","More calming than energizing, this sweet berry, apricot and pine flavored hybrid strain is a cross between the vibrant Acai Berry Gelato and sedating Black Cherry Funk. Delivering an uplifting and focused cerebral high alongside a soothing, body-relaxing finish, it's ideal for those seeking focus, appetite, arousal, as well as relief from depression, stress and cramps.","Hungry ,Aroused ,Giggly | Talkative ,Happy ,Energetic | Body High, Euphoria, Relaxing, Sleepy, Uplifting"
SOUR GLUE,Flower,SOUR DIESEL,GG4,,"Sour Glue is a potent hybrid marijuana strain made by crossing Sour Diesel and GG4. This strain is known for its delicious flavor that is sweet, sour, and has a mellow finish of diesel. Sour Glue gives a heavy head high that will have you feeling euphoric from the very first hit. This strain is best smoked when you're at home with nothing to do, as the effects will eventually have you ""glued"" to the couch. Because of Sour Glue's potency, only consumers with a high THC tolerance should smoke this strain. Sour Glue buds are small and dense, with frosty trichomes and thick brown hairs. Medical marijuana patients say they choose this strain to help stimulate appetite.","Sour Diesel, also known as ""Sour D"" and ""Sour Deez,"" is a popular hybrid marijuana strain made by crossing Chemdawg and Super Skunk. Sour Diesel effects are dreamy, cerebral, fast-acting and energizing. This strain features a pungent flavor profile that smells like diesel. Medical marijuana patients choose Sour Diesel to help relieve symptoms associated with depression, pain, and stress. Fun fact: Sour Diesel first became popular in the early 1990s and has been legendary ever since.","Diesel Glue is a powerful hybrid strain that expertly combines the energetic and cerebral effects of Sour Diesel with the heavy relaxation and euphoria of GG4. This strain delivers a robust high that starts with a stimulating, uplifting buzz and gradually transitions into a deeply relaxing body melt. With THC levels typically around 20-25%, Diesel Glue is ideal for seasoned users seeking a potent and balanced experience. The flavor profile is a tantalizing mix of diesel, earthy pine, and a hint of sour sweetness, complemented by the dominant terpene caryophyllene. The aroma is equally pungent, featuring strong diesel notes with underlying hints of earthy and piney scents. Diesel Glue is a great choice for alleviating symptoms of stress, pain, and anxiety, while also providing a touch of creative inspiration and mental clarity. Perfect for evening use or when winding down, Diesel Glue offers a comprehensive and satisfying high that caters to both recreational and medicinal needs.","Sour Glue is a potent hybrid that combines the energetic effects of Sour Diesel with the deep relaxation of GG4. It delivers a robust high, starting with an uplifting buzz that transitions into a calming body melt, ideal for seasoned users. The flavor profile includes diesel, earthy pine, and sour sweetness, with caryophyllene as the dominant terpene. Sour Glue is perfect for alleviating stress, pain, and anxiety while offering creative inspiration and mental clarity, making it an excellent choice for evening use.","Tingly ,Happy ,Euphoric | Energetic ,Talkative ,Uplifted | Relaxed ,Sleepy ,Hungry"
Z'erealz,Flower,Zerealz,CEREAL MILK,ZKITTLEZ,"Zereal is a hybrid weed strain made from a genetic cross between Cereal Milk and Zkittlez. This strain is 50% sativa and 50% indica. Zereal is 20% THC, making this strain an ideal choice for experienced cannabis consumers. We are still learning about Zereal’s effects, flavors, and medical uses. If you’ve smoked, dabbed, or consumed Zereal, please tell us about your experience by leaving a strain review.Helps with:
Anxiety
.Stress
.Depression","Cereal Milk is a hybrid marijuana strain.Cereal Milk has a loud flavor with a sweet milk and ice cream nose that will keep you dipping back into your stash. You can expect dense, quality nugs dripping with trichomes and a potent high.","Z'erealz is a balanced hybrid cannabis strain born from the cross of Cereal Milk and Zkittlez, making it 50% sativa and 50% indica. With a potent 20% THC content, Z'erealz is a top choice for seasoned consumers seeking a flavorful experience and potent effects. This strain features dense, trichome-rich buds with a loud, sweet milk and ice cream aroma, complemented by a tropical blend of fruit flavors. The effects of Z'erealz are calming and uplifting, leaving users focused, alert, and content while providing a relaxing body high that’s perfect for unwinding. Ideal for relieving anxiety, stress, and depression, Z'erealz offers a well-rounded experience for any time of day.","Z'erealz is a heavy indica-dominant hybrid strain born from a cross of Cereal Milk and Zkittlez. A top choice for seasoned consumers seeking a flavorful experience and potent effects, this strain features dense, trichome-rich buds with a loud, sweet milk and ice cream aroma, complemented by a tropical blend of fruity flavors. Enjoy creative, focused and energetic effects while unwinding with a relaxing body high. Ideal for relieving anxiety, cramps, and depression.","Relaxed ,Sleepy ,Hungry"
Lemon Jack,Flower,Jack Herer,Lemon Kush,FINAL,"While Lemon Jack has yet to earn the reputation of its father, Jack Herer, this sativa deserves some respect. A potent strain featuring a distinct, chemical-like lemon smell, Lemon Jack has strong psychoactive effects. Focused and energizing, this strain’s effects draw from both its Jack Herer and Lemon Kush heritage. Like a strong cup of coffee, Lemon Jack is a daytime strain. Patients who suffer from headaches and fatigue tend to find relief with this strain, though it may not be the best choice for those who suffer from anxiety.","Jack Herer, also known as ""JH,"" ""The Jack,"" ""Premium Jack,"" and ""Platinum Jack"" is a sativa-dominant marijuana strain that captures both cerebral elevation and heavy resin production. Jack Herer’s effects include feeling energetic, creative, and uplifted. However, consumers typically describe this 55% sativa hybrid as blissful, clear-headed, and creative. this spicy, pine-scented strain has taken home numerous awards for its quality and potency.","Lemon Jack is a potent sativa strain that inherits the best qualities of its parent strains, Jack Herer and Lemon Kush. With a distinct, chemical-like lemon aroma, this strain delivers strong psychoactive effects that are both focused and energizing, making it ideal for daytime use. Its lineage from Jack Herer provides a blissful, clear-headed, and creative experience, while the Lemon Kush influence adds uplifting and stress-relieving properties. Perfect for combating headaches and fatigue, Lemon Jack offers a powerful pick-me-up similar to a strong cup of coffee.","Lemon Jack is a potent sativa strain that inherits the best qualities of its parent strains, Jack Herer and Lemon Kush. With a distinct, chemical-like lemon aroma, it delivers psychoactive effects that are both focused and energizing, making it ideal for daytime use. Its lineage from Jack Herer provides a blissful, clear-headed, and creative experience, while the Lemon Kush influence adds uplifting and stress-relieving properties. Perfect for combating headaches and fatigue, Lemon Jack offers a powerful pick-me-up similar to a strong cup of coffee.","Helps with Stress, ,Depression ,Fatigue | Stress ,Anxiety ,Depression | Stress ,Anxiety ,Depression"
Pink Runtz,Flower,FINAL,,,,,Pink Runtz crosses Zkittlez with Gelato. The hype around this strain has been firmly established - and for good reason. Pink Runtz features an aroma that is sweet and fruity like candy. This strain produces uplifting yet relaxing effects that are known to be long-lasting.,,
Lemon Cherry Gelato,Flower,FINAL,,,,,"A Cross between Sunset Sherbert & Girl Scout Cookies. With aromas of lime, berries, and citrus with flavors of lemon, and sweet fruit, this strain is an ideal choice for those seeking tingly, relaxing & euphoric effects and relief from anxiety, pain, and stress.",,
Runtz,Flower,FINAL,,,,,"A Cross of Zkittlez & Gelato, this rare award winning Indica Strain is popular for it's fruity, candy flavored profile as well as it's creamy smoke & euphoric and uplifting high.",,
Cheetah Piss,Flower,London Pound Cake,Lemonnade,Gelato 42,"London Pound Cake, also known as “Pound Cake”, is an indica-dominant weed strain made from a genetic cross between Sunset Sherbert and an unknown heavy-hitting indica. London Pound Cake is a potent and delicious strain that offers a smooth and relaxing high. Bred by Cookies, London Pound Cake combines the best of both parents, delivering a sweet and spicy flavor with a diesel and nutty undertone. London Pound Cake is 20% THC, making this strain an ideal choice for experienced cannabis consumers. Leafly customers tell us London Pound Cake effects include sleepy, relaxed, and tingly. Medical marijuana patients often choose London Pound Cake when dealing with symptoms associated with anxiety, depression, and stress. Bred by Cookies, London Pound Cake features flavors like vanilla, butter, and lemon. The dominant terpene of this strain is myrcene. The average price of London Pound Cake typically ranges from $10-$20 per gram. If you’re looking for a tasty and soothing strain that can ease your mind and body, London Pound Cake might be the perfect choice for you. If you’ve smoked, dabbed, or consumed London Pound Cake, tell us about your experience by leaving a strain review","Lemonnade, also known as ""The Original Lemonnade"" or simply ""Lemonade,"" is a sativa-dominant hybrid marijuana strain made by crossing Lemon OG and Gorilla Haze. Lemonade tastes and smells just like freshly squeezed lemons. This strain is ideal for wake and bake enthusiasts, as Lemonade tends to make consumers feel energetic and motivated. Medical patients pick this theraputic strain for its ability to relieve anxiety, inflammation and cramping. Bred by Growing Passion, this strain produces dense, resinous buds with soft orange hairs that look beautiful against the buds light green coloration.","Cheetah Piss is a potent cannabis strain born from the cross of London Pound Cake, Lemonnade, and Gelato, blending a variety of effects and flavors. The strain offers a euphoric and relaxing high, with a sweet and creamy profile from Gelato, complemented by the zesty lemon notes of Lemonnade and the spicy, nutty undertones of London Pound Cake. Cheetah Piss boasts a THC content that provides a strong, uplifting experience, making it ideal for those seeking both relaxation and motivation. Its combination of invigorating and soothing effects makes it a favorite among cannabis enthusiasts for both recreational and medicinal use.","Cheetah Piss delivers a euphoric high. Savor the sweet, creamy flavors of Gelato, zesty lemon from Lemonnade, and spicy, nutty notes from London Pound Cake. This strain is the ideal choice for those looking to unwind while staying motivated and focused.",
LA KUSH CAKE,Flower,Wedding Cake,Kush Mints,,"Wedding Cake, also known as ""Triangle Mints #23,"" is a potent type of indica-hybrid marijuana strain made by crossing Triangle Kush with Animal Mints. Fun fact: In Canada, this strain is known as Pink Cookies. The Wedding Cake strain provides relaxing and euphoric effects that calm the body and mind. This strain yields a rich and tangy flavor profile with undertones of earthy pepper. Medical marijuana patients choose Wedding Cake to help relieve symptoms associated with pain, insomnia and appetite loss. Consumers with a low THC tolerance should enjoy this strain with an extra slice of care due to its high THC content. Wedding Cake has soared in popularity over the years and was named Leafly Strain of the Year in 2019.","Kush Mints is a hybrid weed strain made from a genetic cross between Animal Mints and Bubba Kush. This strain is 50% sativa and 50% indica. Kush Mints is a potent and flavorful strain that has a minty and cookie-like aroma and flavor, with hints of gas and pine. It has a balanced high that is both relaxing and euphoric, with a pleasant body buzz and a creative mind. Kush Mints is 28% THC, making this strain an ideal choice for experienced cannabis consumers. Leafly customers tell us Kush Mints effects include feeling relaxed, euphoric, and aroused. Medical marijuana patients often choose Kush Mints when dealing with symptoms associated with anxiety, stress, and depression. Bred by Mr. Nice Seeds, Kush Mints features flavors like mint, menthol, and pine. The dominant terpene of this strain is limonene","LA Kush Cake is a powerful cannabis strain born from the cross of Wedding Cake and Kush Mints, blending sweet, earthy flavors with a minty twist. The strain delivers a balanced high that’s both relaxing and euphoric, with the calming effects of Wedding Cake paired with the creative buzz of Kush Mints. It boasts a sweet, minty aroma with hints of cookies, pine, and gas, creating a unique and flavorful experience. With its high THC content, LA Kush Cake is perfect for experienced users seeking relief from stress, anxiety, or pain.","LA Kush Cake: an indica dominant hybrid fusion of Wedding Cake and Kush Mints; its high is a perfect blend of relaxation and euphoria. The combination of a minty scent, creamy flavor, and earthy, piney undertones create a one-of-a-kind experience. This strain is perfect for easing stress or pain, providing soothing relief without dullness boosting the experience with a spark of creativity.",
MOTOR BREATH,Flower,Chem Dawg,SFV OG,,"Chemdawg, officially named ""Chemdog,"" is a hybrid marijuana strain grown and spread by the breeder Chemdog since 1991. In a Leafly interview, Chemdog relates how Chemdog came from what was thought to be Northern California bag seed, via a Colorado Grateful Dead concert. Chem 91, Chem 4, and Chem Sis are all variations on Chemdog. The original name Chemdog came from two names for the same bud ""Chem"" and ""Dog bud."" Chemdog evolved into the variation 'Chemdawg' over time and distance as other growers and breeders propagated it, with the latter name becoming more dominant. Leafly customers tell us Chemdawg effects include feeling euphoric, uplifted, and creative. Medical marijuana patients often choose Chemdawg when dealing with symptoms associated with stress, anxiety, and pain. Chemdog is a staple strain in cannabis and may be a source of powerhouse strains like Sour Diesel and OG Kush, Chemdog is known for its distinct, diesel-like aroma. Pungent and sharp, you’ll be able to smell this strain from a mile away. Cannabis newbies be warned: Chemdog tends to be very potent. Consumers can expect to have a cerebral experience, coupled with a strong heavy-bodied feeling.","SFV OG, also known as ""San Fernando Valley OG,"" ""San Fernando Valley Kush,"" and ""San Fernando Valley"" is a sativa-dominant hybrid marijuana strain from Cali Connection that is great for patients who need strong pain relief but don’t want to be stuck on the couch. As the name indicates, this OG Kush relative originates from California’s San Fernando Valley. Although their names are barely distinguishable, SFV OG Kush is actually the Afghani-crossed child to SFV OG. Leading with aromatic notes of earthy pine and lemon, its body effects take a little longer to feel than the initial head haziness.","Motor Breath is a potent cannabis strain created by crossing Chemdawg and SFV OG, combining the best of both parent strains. It delivers a powerful, uplifting high with a strong cerebral effect from Chemdawg, while SFV OG adds a relaxing body buzz without leaving you couch-locked. The strain is known for its pungent, diesel-like aroma from Chemdawg, along with earthy, piney notes and a touch of citrus from SFV OG. With its high THC content, Motor Breath is perfect for experienced users seeking relief from pain, stress, and anxiety while staying functional.","Motor Breath, a hybrid cross of Chemdawg and SFV OG, delivers uplifting euphoria and relaxing body effects. Its diesel aroma with earthy pine and citrus notes offer fast relief from stress and pain while keeping you clear-headed. Perfect for a balanced, functional high without the couch-lock.",
Jack Herer,Flower,Tropicana Cherry,Tropicana Cookies,Cherry Cookies,"Jack Herer, also known as ""JH,"" ""The Jack,"" ""Premium Jack,"" and ""Platinum Jack"" is a sativa-dominant marijuana strain that captures both cerebral elevation and heavy resin production. Jack Herer’s effects include feeling energetic, creative, and uplifted. However, consumers typically describe this 55% sativa hybrid as blissful, clear-headed, and creative. this spicy, pine-scented strain has taken home numerous awards for its quality and potency.Jack Herer, also known as ""JH,"" ""The Jack,"" ""Premium Jack,"" and ""Platinum Jack"" is a sativa-dominant marijuana strain that has gained as much renown as its namesake, the marijuana activist and author of The Emperor Wears No Clothes. Combining a Haze hybrid with a Northern Lights #5 and Shiva Skunk cross, Sensi Seeds created Jack Herer hoping to capture both cerebral elevation and heavy resin production. Its rich genetic background gives rise to several different variations of Jack Herer, each phenotype bearing its own unique features and effects. Leafly reviewers tell us that Jack Herer’s effects include feeling energetic, creative, and uplifted. However, consumers typically describe this 55% sativa hybrid as blissful, clear-headed, and creative. Jack Herer was created in the Netherlands in the mid-1990s, where it was later distributed by Dutch pharmacies as a recognized medical-grade strain. Since then, this spicy, pine-scented strain has taken home numerous awards for its quality and potency.Feelings:
Focused
.Energetic
.Creative

Helps with:
Stress
.Anxiety
.Depression","Tropicana Cherry, also known as “Tropiccana Cherry” or “Cherry Tropicana,” is a slightly sativa dominant hybrid strain (60% sativa/40% indica) created through crossing the infamous Tropicana Cookies X Cherry Cookies strains. Love a super heavy flavor? Tropicana Cherry is the bud for you. This lovely lady packs flavors of sweet and sour citrus wrapped up with overly ripe cherries and earthy nuttiness, intensifying in fruitiness the more that you toke. The aroma is similar, although heavier and sourer in nature with a sharp citrus overtone that will leave your eyes wide open. The Tropicana Cherry high is just as vibrant, with effects that will have you feeling energized, up and moving whether it's handling chores at home or hiking in the great outdoors with friends. You'll feel euphoric with an overall cerebral stimulation that gets your mind moving as it shakes off any negative thoughts. These bright and cheerful effects accompanied by its 16-21% average THC level make Tropicana Cherry ideal for treating chronic stress or anxiety, mood swings, depression and chronic fatigue. This bud has oversized rounded forest green nugs with deep purple undertones, light amber hairs and tiny frosty white crystal trichomes.","Jack Herer is a sativa-dominant strain, created by crossing a Haze hybrid with Northern Lights #5 and Shiva Skunk. It offers a spicy, pine aroma and delivers an energetic, creative, and uplifting high. Known for its clear-headed effects, Jack Herer helps boost focus while easing stress, anxiety, and depression.",,GUSH MINTZ | Kush Mints | Gushers | f1 Durbs | FINAL GUSH MINTZ DESCRIPTION
Banana Punch,Flower,Banana OG,Purple Punch,FINAL,"Banana Punch is an evenly balanced hybrid marijuana strain made by crossing Banana OG with Purple Punch. This strain produces sedating effects that can be felt from head-to-toe. Banana Punch tastes like hazey berries with notes of freshly cut pineapple and of course, bananas. Conumers say this strain is a ""creeper strain"", which means the high will come on slower than you might expect, so take it easy with this one until you know how it effects your body. Growers say Banana Punch flowers into nugs that are cakey and covered in a heavy layer of purple and orange trichomes. Medical marijuana patients choose this strain to help relieve symptoms associated with anxiety, appetite loss and stress.","Banana OG is an indica-dominant cross of OG Kush and Banana. With a smell and flavor of overripe bananas, this hybrid definitely earns its name. Banana OG has has a reputation as a creeper, leaving those who over-imbibe in a near comatose state before intense hunger and sleepiness set in. Patients treating muscular pain, appetite loss, and insomnia may benefit from Banana OG.","The fusion of Banana OG and Purple Punch creates a deeply relaxing indica hybrid with a delectable flavor profile. This offspring strain combines the sweet, fruity notes of overripe bananas with the rich, dessert-like aromas of grape candy and blueberry muffins. The effects come on gradually, easing you into a state of full-body relaxation that’s perfect for unwinding at the end of the day. Expect a potent high that soothes both mind and body, making it ideal for managing stress, minor aches, and insomnia, while also satisfying any late-night cravings with its mouthwatering flavor.","Banana Punch is a balanced hybrid created by crossing Banana OG and Purple Punch. It has a smooth, fruity flavor with hints of hazy berries, pineapple, and bananas. The high is relaxing and sedating, gradually building to a full-body calm that can ease anxiety, stress, and boost appetite. This strain is perfect for unwinding, but be mindful of its slow onset and potent effects.",
Hash Burger,Flower,han solo hash plant,double burger,,"Hash Burger is a slightly indica dominant hybrid strain (60% indica/40% sativa) created through crossing the iconic Han Solo Hash Plant X Double Burger strains. Named for its celebrity parentage and bold flavor, Hash Burger is a great balanced option for any indica lover. This bud packs a sweet yet super spicy lemony hash taste accented by a touch of woody pine and fresh flowers. The aroma is just as delicious, although it does take the spicy level up a notch or five. The Hash Burger high will come burning through a few seconds after your final exhale, working through your brain first before taking on the rest of your body. You'll find your spirits lifted as your mind is filled with a happy euphoria that instantly edges out any bad moods or negative thoughts. A physical relaxation comes next, seeping into your body and leaving you feeling pretty couch-locked and super sleepy at times. With these effects and its super high 27% average THC level, Hash Burger is often said to be perfect for treating a variety of conditions including insomnia, depression or mood swings, chronic stress or PTSD and appetite loss. This bud has dense spade-shaped forest green nugs with bright amber undertones, thin hairs and chunky matching trichomes.","Han Solo Hashplant, also known as “Han Solo Hash Plant” or “Han Solo HP,” is an indica dominant hybrid strain (70% indica/30% sativa) created through crossing the potent Han Solo Burger X Black Triangle Kush strains. A delectably potent indica with a classic flavor, Han Solo Hashplant is a great choice for anyone looking for a soothing, calming nighttime high. The high settles in with a creeping build, slowly working its way through both mind and body before suddenly taking hold. You'll suddenly feel lifted and euphoric, filled with a boost in creativity and sociability that's perfect for getting you chatting in any social situation. A giggly sense comes next, which can have you laughing uncontrollably at anything around you for any reason at all. A relaxing body high rounds out the effects, helping your physical form settle down into a state of pure calm and ease. Combined with its high 20-30% average THC level, these effects make Han Solo Hashplant a great choice for experienced patients suffering from chronic pain, insomnia, depression or mood swings, chronic stress and appetite loss. This bud has a spicy vanilla and woody pine flavor with a pungent dank aroma to go with it. Han Solo Hashplant buds have pepper-shaped minty green nugs with purple leaves, thick reddish-orange hairs and chunky amber-tinted white crystal trichomes.","Hash Burger is an indica-dominant hybrid made by crossing Han Solo Hash Plant with Double Burger. Its bold flavor blends spicy lemon hash, woody pine, and floral notes, with a rich, intense aroma. Bringing an uplifting mental high that clears negative thoughts, followed by deep physical relaxation that can lead to couch-lock and a restful sleep, Hash Burger's calming effects are perfect for unwinding and relief from insomnia, chronic stress, PTSD, and mood swings.",,
sour  Cream Pie,Flower,ice cream Cake,Sherb BX1,,"Sherb Cream Pie is an indica dominant hybrid strain (70% indica/30% sativa) created through crossing the delicious Ice Cream Cake X Sherb BX1 strains. This tasty bud packs a mouthwatering flavor and soothing, stoney high that will have you feeling like you don't have a care in the world. The flavor of Sherb Cream Pie is out of this world, with a sweet and creamy cake overtone accented by sour, citrusy lemon gelato and a hint of nuttiness. The aroma follows the same profile, although it does bring in touches of woody pine and spicy skunk, too. The Sherb Cream Pie high will settle in slowly, beginning with a droopy, weighty sense that fills your eyes and leaves them super red and droopy. A light relaxation comes next, gaining in potency the more that you toke, eventually leaving your mind totally stoned. A sleepy effect wraps everything up, so get ready to get dozing with this bud! Thanks to these effects and its super high 22-28% average THC level, Sherb Cream Pie is often chosen to treat a variety of conditions including eye pressure or glaucoma, chronic pain, headaches or migraines, chronic stress, insomnia and depression. This bud has oversized and fluffy spade-shaped emerald-green nugs with lots of thin orange hairs and tiny, golden-white crystal trichomes.","Ice Cream Cake is an Indica-dominant hybrid marijuana strain made by crossing Wedding Cake with Gelato #33. This strain offers sedating effects that leave your mind and body completely relaxed. Ice Cream Cake features a creamy flavor profile with sweet hints of vanilla and sugary dough. This strain is reported by medical marijuana patients and consumers to have calming effects that help with pain, sleep, and anxiety. Ice Cream Cake weed is ideal for night time use when you have nothing important to do except watch TV and fall asleep.","Sherb Cream Pie is an indica-dominant hybrid strain (70% indica/30% sativa) created by crossing the flavorful Ice Cream Cake and Sherb BX1 strains. This delicious bud offers a mouthwatering flavor profile and a soothing, stoney high that leaves you feeling carefree and relaxed.

The flavor of Sherb Cream Pie is truly exceptional, with a sweet, creamy cake base complemented by sour, citrusy lemon gelato and a touch of nuttiness. The aroma mirrors this profile, but also includes hints of woody pine and spicy skunk.

The high from Sherb Cream Pie creeps in slowly, starting with a heavy, droopy sensation that fills your eyes and leaves them red and heavy. As you continue to smoke, a gentle relaxation sets in, gradually intensifying until your mind becomes fully stoned. This leads to a final sleepy effect, making it the perfect choice for those ready to drift off into slumber.

Thanks to its potent 22-28% average THC content, Sherb Cream Pie is often selected to help manage conditions like eye pressure or glaucoma, chronic pain, headaches or migraines, chronic stress, insomnia, and depression.

Visually, this strain boasts oversized, fluffy, spade-shaped emerald-green buds, adorned with thin orange hairs and a dusting of golden-white trichomes.","Sour Cream Pie is a potent indica-dominant hybrid (70% indica/30% sativa) created by crossing Ice Cream Cake and Sherb BX1. It delivers a sweet, creamy cake flavor with hints of lemon gelato, nuttiness, and a touch of pine and skunk in the aroma. The high starts with a heavy, relaxing sensation that progresses into a stony, sleepy effect, making it ideal for winding down. With a THC content of 22-28%, it’s commonly used to treat conditions like chronic pain, migraines, insomnia, and stress.

Shorter version: Sour Cream Pie is a 70/30 indica-dominant hybrid (Ice Cream Cake x Sherb BX1) with dense, frosty buds in shades of deep green and purple. Its sweet, creamy cake flavor is layered with lemon gelato, nuts, pine, and skunk. With 22-28% THC, it delivers a heavy, body-melting high that eases into deep relaxation—ideal for pain, migraines, insomnia, and stress relief.",
Key Lime Jack,Conc,Bling Cheesecake,Jack Herer,,"Key Lime Jack is a Sativa weed strain made from a genetic cross between Bling Cheesecake and Jack Herer. This strain is 50% sativa and 50% indica. Key Lime Jack is 30% THC, making this strain an ideal choice for experienced cannabis consumers. Bred by Maven Genetics, the average price of Key Lime Jack typically ranges from $10-$15 per gram. We are still learning about Key Lime Jack’s effects, flavors, and medical uses. If you've smoked, dabbed, or consumed Key Lime Jack, please tell us about your experience by leaving a strain review.","Bling Cheesecake is a hybrid weed strain made from a genetic cross between The Bling and Mac And Cheese. This strain is 50% sativa and 50% indica. Bling Cheesecake is 23% THC, making this strain an ideal choice for experienced cannabis consumers. Bred by Garden Remedies, the average price of Bling Cheesecake typically ranges from $10-$15 per gram. We are still learning about Bling Cheesecake’s effects, flavors, and medical uses. If you've smoked, dabbed, or consumed Bling Cheesecake, please tell us about your experience by leaving a strain review.","Keylime Jack is a sativa hybrid strain born from Bling Cheesecake and Jack Herer, offering a balanced blend of effects. It provides a clear-headed, creative boost with potential for relaxation, making it versatile for both day and evening use. The flavor profile is bright and citrusy, with earthy undertones. This strain is perfect for those seeking inspiration or a satisfying way to unwind.",,"Tingly ,Giggly ,Euphoric | Euphoric ,Uplifted ,Relaxed | Uplifted ,Giggly ,Talkative | Tingly ,Giggly ,Euphoric"
Green Crack,Conc,Skunk #1,Afghani,,"Green Crack, also known as ""Green Crush"" and ""Mango Crack,"" is a potent sativa marijuana strain made by crossing Skunk #1 with an unknown indica. This strain is beloved by many consumers for its energizing effects. But don’t let the name fool you: this is pure cannabis. Few strains compare to Green Crack’s sharp energy and focus as it induces an invigorating mental buzz that keeps you going throughout the day. With a tangy, fruity flavor redolent of mango, Green Crack is a great daytime strain that may help consumers fight fatigue, stress, and depression. Because the name ""Green Crack"" perpetuates a negative image of cannabis, some people have taken to calling this strain Cush (with a ‘C’) or Green Cush instead.","Skunk #1 is a hybrid marijuana strain that has influenced cannabis on a global scale, parenting a horde of Skunk crosses since it first bloomed in the late 1970s. Sacred Seed Co. originally bred Skunk #1 using diverse genetics from around the world; Afghani, Acapulco Gold, and Colombian Gold varieties converged through an intricate selective breeding process that spanned several generations, and finally the genetic cornerstone of countless cannabis hybrids was born. 

The original Skunk #1 gave rise to several variations that were later harvested in the gardens of Sensi Seeds, Dutch Passion, Flying Dutchmen, Nirvana Seeds, and Royal Queen Seeds. As its name suggests, Skunk #1 buds radiate with an aromatic blend of sour skunkiness and subtle earthy notes. This hybrid offers elevated creativity through its high-energy buzz, while stress and appetite loss melt away with Skunk #1’s potency.","Green Crack Sugar is a hybrid strain that blends the energetic, creative buzz of Skunk #1 with the deep relaxation and euphoria of Afghani. Its flavor profile is rich, featuring sweet, earthy notes with a strong skunky aroma. This strain offers a balanced experience, providing both mental uplift and physical calm. It's an excellent choice for alleviating stress, pain, and insomnia.",,"Tingly ,Giggly ,Euphoric | Euphoric ,Uplifted ,Relaxed | Uplifted ,Giggly ,Talkative | Tingly ,Giggly ,Euphoric"
Gelato 41,Conc,Sunset Sherbert,Thin Mint Cookies,,"Gelato #41 is a hybrid strain that is high in THC and offers a heavy, relaxing body high without clouding the mind. Gelato 41 is made by crossing Sunset Sherbert and Thin Mint Cookies. This strain has buds that grow in an array of colors, from light green to purple, with trichomes that put out a sweet and earthy aroma alongside hints of lavender and pine. New consumers should know that Gelato 41 is potent and the high is best reserved for those looking for a new heavy hitter. This strain comes from the Cookies Family in California.","Sherbert, also known as ""Sherbet"", ""Sherbert OG"", ""Sunset Sherbet"", and ""Sunset Sherbert"" is an indica-dominant hybrid marijuana strain made by crossing Girl Scout Cookies with Pink Panties. This strain exhibits powerful, full-body effects that are elevated by a jolt of cerebral energy and carefree state of mind. Sherbet boasts a THC level of 18% and may be overwhelming to novice cannabis consumers. The high potency of Sherbert makes it an ideal choice for medical marijuana patients seeking relief from symptoms associated with stress, tension, and mood disorders. This strain features a sweet, dessert-like flavor profile with notes of skunky citrus, sweet berry, and candy. The average price per gram of Sherbert is $20, but may vary based on your location. According to growers, Sherbert flowers into oblong fluffy nugs with rich trichome coverage and dark amber hairs throughout light and dark green foliage. This strain was originally bred by Mr. Sherbinski, who bred Sherbert intentionally to inherit the genetic lineage of its parent strain Girl Scout Cookies.","Gelato 41 Sauce is a potent hybrid that blends the full-body relaxation and cerebral uplift of Sunset Sherbert with the minty-sweet effects of Thin Mint Cookies. It features a rich, dessert-like flavor profile with skunky citrus, sweet berry, and a touch of mint. This strain is ideal for those looking to relieve stress, pain, and appetite loss. Gelato 41 Sauce offers a powerful yet enjoyable experience for seasoned cannabis enthusiasts.",,"Tingly ,Giggly ,Euphoric | Euphoric ,Uplifted ,Relaxed | Uplifted ,Giggly ,Talkative | Tingly ,Giggly ,Euphoric"
Mac 1,Conc,Alien Cookies,,,"MAC, also known as ""Miracle Alien Cookies"" or simply ""Miracle Cookies,"" is a indica marijuana strain made by crossing Alien Cookies with Starfighter and Columbian. MAC produces creative effects that are happy and uplifting. This strain features a smooth orange flavor that is balanced out by floral accents on a sweet, earthy finish. Growers say MAC nugs are gorgeous and covered in resin. Medical marijuana patients choose this strain to help relieve symptoms associated with stress and depression.","Jaws Gear Genetics gave us Alien Cookies by crossing GSC with Aliendawg. It is said to have pungent earthy and vanilla flavors coming from dark colored buds that are drenched in trichomes. It is hard to find, so if you get your hands on Alien Cookies, make sure to savor every moment.","Alien Mac Sugar is a potent indica that merges the earthy vanilla flavors of Alien Cookies with the citrusy and floral notes of MAC 1. It offers a balanced high that is both creatively uplifting and calming for the body. This strain is ideal for those seeking to elevate their mood while enjoying deep relaxation. Perfect for unwinding, Alien Mac Sugar delivers a rich, complex flavor experience.",,"Tingly ,Giggly ,Euphoric | Euphoric ,Uplifted ,Relaxed | Uplifted ,Giggly ,Talkative | Tingly ,Giggly ,Euphoric"
Cherry Runtz Sugar,Conc,Cherry Runtz,,,"Cherry Runtz is a indica weed strain made by crossing Runtz and Cherry Pie, with the big, beautiful purple buds to match. The effects of Cherry Runtz are believed to be euphoric and tingly. Reviewers on Leafly say Cherry Runtz makes them feel aroused, giggly, and sleepy. Cherry Runtz has 17% THC and 1% CBG. The dominant terpene in this strain is limonene, with a lavender aroma and flavors of berry and rose. Medical marijuana patients say they buy this strain when mitigating symptoms of anxiety, depression, and insomnia. The original breeder of Cherry Runtz is Elev8 Seeds.","Runtz, also known as ""Runtz OG,"" is a rare type of  hybrid marijuana strain. Runtz is made by Cookies Fam by crossing  Zkittlez with Gelato and it is loved for its incredibly fruity flavor profile that smells just like a bag of the sugary candy we all know and love. Because of the rising popularity of this cannabis strain, it's no surprise Runtz was named Leafly Strain of the Year in 2020. Runtz is celebrated for its creamy smoke that is smooth and welcoming. This strain of weed produces euphoric highs and uplifting effects that are known to be long-lasting. Purple Caper Seeds released the same cross under the name Gelato Zkittlez.","Obama Runtz Sauce is a flavorful indica blending OG Kush’s fuel notes with Runtz’s sweet candy profile. It delivers uplifting euphoria and soothing relaxation in a smooth, creamy smoke—perfect for unwinding with lasting effects.",,"Tingly ,Giggly ,Euphoric | Euphoric ,Uplifted ,Relaxed | Uplifted ,Giggly ,Talkative | Tingly ,Giggly ,Euphoric"
Obama Runtz,Conc,Black Cherry Gelato,Grapes & Cream,Black Cherry Funk,"Black Cherry Funk is an evenly balanced hybrid strain (50% indica/50% sativa) created through crossing the infamous DJ Short's Blueberry X Black Cherry Soda strains. Looking for a super crazy flavor with effects to match? You've found it with Black Cherry Funk. This bud brings on a heavy punch of pungent creamy flavor with hints of fresh blueberries, sweet pine and mouthwatering licorice. The aroma is just as heavy, although with a flowery overtone of freshly picked lavender and pine. The Black Cherry Funk high hits both mind and body, leaving you feeling lifted yet somehow locked down. The cerebral effects come first, boosting your spirits and filling your mind with a blissful and unfocused haze. While you fall into this heady euphoria, a relaxing body stone will creep over you, suddenly dropping you into sleepy sedation before you finally fade away into blackness. Combined with its super high 23-24% average THC level, these effects make Black Cherry Funk ideal for treating chronic pain, depression, mood swings, chronic fatigue and chronic stress or anxiety. This bud has small rounded dense dark olive green nugs with thin amber hairs and a thin and frosty coating of sparkling tiny white trichomes.","Acai Berry Gelato is a sativa-dominant hybrid cannabis strain made by crossing Thin Mint Cookies and Sunset Sherbet; it’s a gorgeous, deep purple plant dripping with trichomes. The effects of Acai Berry Gelato are believed to be energetic and focusing. Reviewers on Leafly say Acai Berry Gelato makes them feel happy, talkative, and uplifted. Acai Berry Gelato has as much as 32% THC. The dominant terpene is limonene, with a nose that is earthy, tropical citrus, and flavors of sweet cream and berries. Medical marijuana patients say they often buy this strain during episodes of ADHD. The original breeder of Acai Berry Gelato is Sherbinski.","A balanced hybrid from Black Cherry Funk and Acai Berry Gelato, this strain offers sweet cherry and creamy gelato flavors with earthy citrus undertones. It provides a euphoric, uplifting mental boost followed by relaxing body effects, making it ideal for stress, anxiety, and mild pain relief. A flavorful, all-day strain for a happy and calm experience.",,Sour Apple
Purple Punch,Conc,Larry OG,Grand Daddy Purps,,"Larry OG, also known as ""Lemon Larry,"" ""Sour Larry,"" and ""Zour Larry"" is yet another member of the famous ocean-grown strain family. Originally created in Orange County, this indica marijuana strain is a cross between OG Kush and SFV OG. Larry OG produces a potent yet easy body buzz that will allow you to relax while getting things done. The effects of Larry OG are happy but not overwhelming. Like other members of the OG family, this strain has a very clean and piney aroma. The nugs tend to be dense and feature distinct burnt orange hairs that are longer than average.","Granddaddy Purple is an indica marijuana strain that goes by many different names, including ""Grand Daddy Purp,"" ""Granddaddy Purps,"" ""GDP,"" and ""Grandaddy Purple Kush."" Popularized in 2003 by Ken Estes, Granddaddy Purple (or GDP) is a famous indica cross of Mendo Purps, Skunk, and Afghanistan. Other people claim it is Big Bud x Purple Urkle. Either way, this California staple inherits a complex grape and berry aroma from its Purps and Ghani heritage. GDP flowers bloom in shades of deep purple, a contrasting backdrop for its snow-like dusting of white crystal resin. Its potent effects are clearly detectable in both mind and body, delivering a fusion of cerebral euphoria and physical relaxation. While your thoughts may float in a dreamy buzz, your body is more likely to find itself fixed in one spot for the duration of GDP’s effects. Granddaddy Purple is typically pulled off the shelf for consumers looking to combat pain, stress, insomnia, appetite loss, and muscle spasms. GDP blesses growers with massive yields which are ready for harvest following a 60 day flowering time indoors.",,,
Carbon Fiber,Vapes,Biscotti,,,"Carbon Fiber is a hybrid weed strain made from a genetic cross between Grape Pie, Biscotti, and Cookies and Cream. Carbon Fiber is 24% THC and 1% CBG, making this strain an ideal choice for moderate and experienced cannabis consumers. Leafly customers tell us Carbon Fiber effects include talkative, aroused, and euphoric. Medical marijuana patients often choose Carbon Fiber when dealing with symptoms associated with lack of appetite, anxiety, and depression. Bred by the incomparable Cannarado Genetics, Carbon Fiber features flavors like pepper, earthy, and chemical. The dominant terpene of this strain is caryophyllene.","Biscotti is a potent indica-dominant hybrid marijuana strain reportedly made by crossing Gelato 25 with Sour Florida OG. Others report that Biscotti is Motorbreath x G41. This strain produces a cerebral high that leave consumers feeling relaxed, creative, and buzzy from head-to-toe. The effects of Biscotti are known to creep up on consumers, so it's best to take it slow with this strain. In terms of flavor, Biscotti tastes like sweet cookies with undertones of diesel. With a THC level of 21%, medical marijuana patients turn to this strain to relieve symptoms associated with stress, anxiety, and depression. The striking trichome coverage of this strain gives it top shelf appeal.","Carbon Fiber is a delightful hybrid that blends the best of both parent strains, offering a calming yet euphoric experience. The strain starts with a gentle cerebral lift from Biscotti's creative buzz, followed by Grape Pie's soothing body relaxation, perfect for unwinding after a long day. Its flavor is a delicious fusion of sweet cookies, diesel, and a tart grape finish that lingers on the palate. With a balanced high and delectable flavor, it is ideal for easing stress, anxiety, and finding comfort in creativity.",,"Talkative ,Relaxed ,Aroused | Tingly ,Relaxed ,Euphoric | Relaxed ,Euphoric ,Happy"
Skywalkwer Haze,Vapes,Blueberry,Amnesia,,"Skywalker Haze is a sativa dominant hybrid weed strain made from a genetic cross between Blueberry and Mazar, which was then crossed with a potent Amnesia clone. This strain is 70% sativa and 30% indica. Skywalker Haze is a hard-hitting, citrusy, and frosty strain that packs a legendary punch. This strain is known to help patients cope with symptoms of pain, anxiety, and sleeplessness. Skywalker Haze is 20-25% THC, making this strain an ideal choice for experienced cannabis consumers. Leafly customers tell us Skywalker Haze effects include feeling happy, energetic, and creative. Medical marijuana patients often choose Skywalker Haze when dealing with symptoms associated with stress, depression, and fatigue. Bred by Dutch Passion, Skywalker Haze features flavors like lemon, haze, and spice. The dominant terpene of this strain is caryophyllene.","Blueberry, also known as ""Berry Blue,"" is an indica marijuana strain made by crossing Purple Thai with Thai. A true A-List cannabis strain, Blueberry’s legendary status soared to new heights after claiming the High Times’ Cannabis Cup 2000 for Best indica. The long history of the strain goes back to the late 1970s when American breeder DJ Short was working with a variety of exotic landrace strains. However, throughout the decades of Blueberry’s cultivation, the genetics have been passed around, due in large part to DJ Short working with multiple seed banks and breeders. The sweet flavors of fresh blueberries combine with relaxing effects to produce a long-lasting sense of euphoria.","Sky Haze combines the iconic, sweet blueberry flavor of Blueberry with the invigorating, euphoric effects of Amnesia. This balanced hybrid delivers a burst of creativity and mental clarity, followed by a relaxing body high that soothes without being overwhelming. Ideal for daytime use, Sky Haze is perfect for those seeking relief from stress or mood disorders while still staying active and focused. With its smooth berry notes and uplifting experience, this strain brings together the best of both worlds.",,"Energetic ,Giggly ,Creative | Giggly ,Talkative ,Happy"
Sweet Pink Grapefruit,Vapes,Skunk #1,,,,,,,
white runtz,Vapes,ice cream cake,,,,,,,
WHITE MISO,Vapes,God's Breath,Kosher Kush,,"White MISO and indica straing its fruit-forward flavor has tones of citrus and herbs that taste like fruit of the gods. All you need is a comfy place to chill and get ready for a pain-free, stress-free, otherworldly experience.","God's Breath is a heavily indica dominant hybrid strain (90% indica/10% sativa) created through crossing the potent Peanut Butter Breath X Strawberry Pinecone strains. This tasty bud offers an amazing flavor that will have you believing in a higher power after just one delicious little toke. The taste of God's Breath will leave you coming back for more again and again, with a blend of sweet, sugary berries, freshly picked strawberries and nutty cookies dancing across your tongue. The aroma is just as delightful, blending together woody pine with sugary, fruity strawberries and a hint of spice. The God's Breath high will settle in slowly, beginning with a subtle lift that fills the mind with a boosted happiness. As your mood is boosted, you'll soon find that your body will begin to settle down into a place of deep relaxation that will have you locked completely down to the couch or bed. This combination can often turn sedative, leaving you dozing off before you know what's happening. In combination with its super high 20-28% average THC level, these effects make God's Breath a great option for treating experienced patients suffering from conditions including chronic stress or anxiety, PTSD, depression or mood swings, chronic pain and insomnia. This bud has fluffy and oversized, grape-shaped forest green nugs with super thin orange hairs and chunky white trichomes.","Mule Fuel packs a punch straight from the stables—this indica-leaning hybrid kicks off with a heady buzz before trotting into full-body relaxation. Born from GMO Cookies and Lurch, it's got that loud, fuel-forward funk with hints of tobacco, spice, and earthy kush. The high gallops in fast, lifting your mood before settling you deep into the couch. With frosty green buds and THC levels that don’t mess around, this one’s a favorite for taming stress, sleepless nights, and sore muscles. Saddle up—this strain doesn’t hold back.","Mule Fuel is a potent hybrid with a fuel-forward aroma and earthy spice. It hits fast with a euphoric buzz, then melts into deep relaxation—perfect for stress, insomnia, and muscle pain.",
MIsty,Vapes,White Widow,Skunk,,"Purple Medusa is an evenly balanced hybrid strain (50% indica/50% sativa) created through crossing the iconic Misty X White Widow X Skunk strains. Affectionately called ‘The Nirvana Strain' by many breeders and patients alike, this bud offers a soothing high that is super well-balanced and calming from head to toe. One taste of this bud and you'll feel like you hit a whole new plane of existence. You'll feel tingly and stimulated from the get go, filled with an almost buzzy euphoria and a soothing physical high. These buzzy effects are accompanied by a sharp boost in sociability and a pang of hunger that will leave you totally ravenous. This combination will turn sedative and sleepy, so mind your dosage if you have anything that you need to get done. Combined with its high 22-25% average THC level, these effects give Purple Medusa an edge in treating a variety of conditions including anorexia or appetite loss, arthritis, chronic stress or anxiety, PTSD and depression or mood swings. This bud has a sweet and fruity banana flavor with hints of flowery rose and a touch of gassy diesel. The aroma is heavier, with a gassy diesel overtone accented by sweet red fruits, flowery rose and earthy herbs. Purple Medusa buds have oversized and dense spade-shaped olive green nugs with purple undertones, thin orange hairs and tiny, purple-tinted white crystal trichomes","Misty CBD, also known as “Misty Kush,” is an indica dominant hybrid strain created through crossing the infamous White Widow X Northern Lights strains. With parents like these, you know Misty CBD is going to be one for the ages. This bud packs a super high 8-10% average CBD level and a THC level that typically hits between 11-12% on average. With these percentages, Misty CBD is considered to be a highly medicinal strain that can treat a myriad of conditions, ranging from insomnia to chronic pain. The Misty CBD high is pretty mellow in nature with effects that typically lean towards sativa, despite its indica dominance. It starts with a cerebral boost that leaves you in a great mood and feeling happy all around. As this state builds, your body will become utterly relaxed, although not weighed down at all, gently easing you into a state of calm. Given these effects and its high CBD level, Misty CBD is the perfect bud for treating conditions such as mood swings, appetite loss, spasticity, and chronic stress or anxiety. This bud has lumpy oversized spade-shaped forest green nugs with bright orange hairs and a coating of chunky amber colored crystal trichomes. This bud has a sweet grapey flavor and aroma with hints of pungent herbs and a touch of skunky pine.]","Misty x White Widow — a relaxing hybrid with deep roots. Expect a mellow, mood-lifting high with sweet grape, herbal pine, and citrus-pepper notes. High in CBD and smooth on the body, it's perfect for stress, pain, and calm focus.",,
OG,Vapes,Permanent Marker,,,"OG Kush, also known as ""Premium OG Kush,"" was first cultivated in Florida in the early ‘90s when a marijuana strain from Northern California was supposedly crossed with Chemdawg, Lemon Thai and a Hindu Kush plant from Amsterdam. The result was a hybrid with a unique terpene profile that boasts a complex aroma with notes of fuel, skunk, and spice. OG often refers to “Original Gangster,” or ""Ocean Grown"" indicating either the strain’s authenticity or intensity. Many people have different names for the acronym, but real OG Kush should smell like lemon-pine-fuel with a high-THC, mixed head and body effect. It's often enjoyed in the back half of the day to ease stress.","Permanent Marker is a modern cannabis strain and is Leafly Strain of the Year 2023! Los Angeles indie brand Doja Exclusive released the Permanent Marker weed strain in 2022 on both coasts. Bred and grown by Seed Junky Genetics’ JBeezy and selected by Doja Pak, the strain fuses several well-established cultivars: (Biscotti x Sherb Bx) x Jealousy. It can smell like a permanent marker. Others note its floral, soapy, candy, and gassy funk that fully translate into the taste. It has a lingering, pungent flavor of a soapy funk with a hint of candy and floral gas tones. The potent strain smells amazing, and can support creativity or relaxation day and night. Just be careful—it's strong.","OGXPM blends the iconic fuel and pine of OG Kush with the loud, soapy-gas funk of Permanent Marker. This strain delivers a bold, complex aroma and a high that balances mental buzz with deep body calm. It's pungent, potent, and perfect for creative focus or serious wind-down mode.",,
Ice Cream Cake,Vapes,Sunset Sherbert,,,"Oreo Blizzy is an indica dominant hybrid strain (70% indica/30% sativa) created through crossing the tasty Ice Cream Cake X Sunset Sherbet strains. Named for its amazing flavor, Oreo Blizzy is the perfect treat to help you settle in and enjoy your afternoon without the fear of falling asleep. The taste of Oreo Blizzy is much like its namesake fast food treat, with a blend of creamy vanilla ice cream accented by buttery sugary fruits and sour citrus. The aroma is very much the same, with a creamy vanilla overtone accented by sweet fruits, zesty citrus and a touch of spicy diesel. The Oreo Blizzy high will hit you quickly, starting with a surprisingly bright onset that smashes into your head with lifted, focused energy. As your mind lifts higher and higher, you'll feel a boost of creativity wash over you, inspiring you to get moving on your to-do list, although your body will be a bit too settled to get much done. In combination with its super high 20-26% average THC level, these effects make Oreo Blizzy a great option for treating a variety of conditions including chronic stress or anxiety, chronic fatigue, depression and ADD or ADHD. This bud has fluffy and oversized, pepper-shaped emerald-green nugs with super thick orange hairs and tiny, bright white trichomes topped with sticky, sweet resin.","Ice Cream Cake is a rare indica dominant hybrid strain (75% indica/25% sativa) created through a cross of the Gelato 33 X Wedding Cake strains. With this bud, the name says it all in the flavor department. Ice Cream Cake packs a super delicious cheesy creamy flavor with a sweet nuttiness that lingers long after you finish your final toke. The aroma is of the same nature, with a light pungent effect to it that's released as the nugs are burned. The Ice Cream Cake high is just as beautiful as the flavor, with lifted and relaxing effects that will have you kicking back in no time flat. The high starts with a rush of cerebral effects that lift your mind into a state of pure happiness and ease, pushing out any negative or racing thoughts immediately. Soon after, a relaxing body high will start to creep into your physical form, leaving you falling deeper and deeper into a couch-locked state of sedation before you eventually begin to drift away. With these calming effects and its high 20-25% average THC level, Ice Cream Cake is said to be perfect for treating those suffering from depression, chronic pain, insomnia, and nausea or appetite loss. This bud has small dense grape-shaped forest green nugs with thick orange hairs and frosty white crystal trichomes.","A decadent indica-dominant hybrid, Oreo Blizzard blends creamy dessert flavors with a sweet, fruity kick. Expect notes of vanilla, honey, and earthy cookie dough, wrapped in a relaxing, euphoric high that melts stress and soothes the body—perfect for unwinding or bedtime indulgence.",,
Permanent Marker,Vapes,white truffle,,,,,"Strain of the Year 2023, this powerhouse from Doja Exclusive hits hard with a loud blend of soapy funk, floral candy, and gas. Bred from Biscotti, Sherb Bx, and Jealousy, it’s creative, relaxing, and seriously potent. Smells wild. Tastes louder.",,
